ORG,Gene,AUC,Gene len (bp),Exon1 len (bp),Exon2 len (bp),Intron len (bp),5ss-BP len (bp),BP-3ss len (bp),"ΔG per bp, intron","ΔG  per bp, 5ss-BP","ΔG  per bp, 3ss-BP","ΔG, 5ss","ΔG, 3ss",5ss Score,BP score,3ss Score,A,U,G,C,Rpo21_S2IP,Rpo21_S5IP,Rpo21_S7IP,Rpo21_T4IP,Rpo21_Y1IP
YFL039C,ACT1,0.481,1437,10,1118,309,266,44,-0.161,-0.163,-0.03,-2.9,-1.9,69.443,82.435,58.528,0.288,0.392,0.146,0.175,-0.2290684469,0.2091594875,-0.2006558375,-0.196891925,0.0195232063
YDL029W,ARP2,0.235,1299,22,1154,123,109,15,-0.227,-0.201,0.2,-3.7,-5.8,77.872,68.995,38.754,0.187,0.447,0.187,0.179,-0.5613573333,0.1579188333,-0.4708618167,-0.6042623333,-0.1924363333
YML036W,CGI121,0.74,652,456,90,106,65,42,-0.092,-0.088,0.043,-0.7,0.5,97.854,74.816,48.436,0.302,0.406,0.104,0.189,-0.0541543167,-0.0356161,0.0639777167,-0.1199672667,-0.05811315
YBL059C-A,CMC2,0.856,415,34,296,85,57,29,-0.074,-0.111,0.1,-2.2,-1.4,52.395,87.947,41.366,0.2,0.459,0.106,0.235,-0.111281075,-0.128197825,-0.0115339925,-0.128197825,0.1514297
YKL190W,CNB1,0.499,604,52,476,76,58,19,-0.143,-0.086,0.037,-4.5,-1.1,80.78,85.338,38.644,0.395,0.224,0.237,0.145,-0.4127205,-0.28364375,-0.63338775,-0.68276525,-0.167956075
YLL050C,COF1,0.483,611,14,418,179,47,133,-0.228,-0.017,-0.221,-3.2,-1.6,40.02,87.192,26.325,0.291,0.369,0.173,0.168,-0.41763175,0.030094875,0.0306087,-0.631088,-0.170650125
YIL111W,COX5B,0.219,544,1,455,88,57,32,-0.125,-0.028,-0.106,-2.7,-7.9,53.968,99.43,26.602,0.33,0.352,0.17,0.148,-0.57717585,-0.480626125,-0.27532775,-0.8338,-0.43607725
YNL130C,CPT1,0.586,1274,50,1132,92,58,35,-0.076,-0.084,-0.06,-3.3,-4.4,76.89,80.666,50.713,0.348,0.37,0.12,0.163,-0.44399725,-0.8832115,-0.28572375,-0.5886318125,-0.38664625
YBL040C,ERD2,0.756,757,22,638,97,63,35,-0.161,-0.149,-0.126,-4.7,-3.1,84.952,77.714,15.856,0.268,0.289,0.206,0.237,-0.11159162,0.70074268,-0.25907904,-0.3037798,0.274821848
YMR292W,GOT1,0.597,499,22,395,82,64,19,-0.117,-0.108,0.132,-4.3,-2.5,88.034,100,58.362,0.22,0.463,0.134,0.183,-0.1962038125,0.34084285,-0.01633155,-0.44409065,-0.06318165
YNL038W,GPI15,0.888,764,591,99,74,61,14,-0.122,-0.128,0.15,-4.5,-2.6,64.93,73.623,25.909,0.365,0.324,0.149,0.162,0.0347044,-0.0782696,0.0694444,-0.0782696,-0.000612875
YDL125C,HNT1,0.335,588,97,380,111,89,23,-0.116,-0.129,0.026,-1.6,-4.3,82.357,88.285,16.1,0.378,0.252,0.153,0.216,-0.248412,0.2894245833,-0.0010708117,-0.4158912,0.2280826133
YNL004W,HRB1,0.266,1707,30,1335,342,324,19,-0.21,-0.219,0.068,-1.8,-3.8,91.412,47.481,54.258,0.307,0.363,0.187,0.143,-0.0142164176,0.0649350588,0.0100768506,-0.1358667588,-0.0064140029
YDR367W,KEI1,0.706,767,30,636,101,71,31,-0.088,-0.099,-0.003,-1.8,-1.5,97.854,80.14,83.117,0.307,0.386,0.139,0.168,0.07723856,0.05446976,0.0179536,-0.2604292,0.07765598
YBL026W,LSM2,0.846,416,54,234,128,92,37,-0.145,-0.097,-0.024,-4.8,-2.3,83.052,62.233,38.986,0.305,0.359,0.156,0.18,-0.0932531429,-0.2249007,0.0438601429,-0.0419174286,-0.3222268571
YGL226C-A,OST5,0.48,410,21,240,149,103,47,-0.163,-0.136,-0.145,-3.9,-3,56.881,94.811,23.706,0.262,0.369,0.161,0.208,-0.2497199571,-0.2613321429,-0.0877382643,-0.3340073571,0.0037007071
YOR122C,PFY1,0.177,590,13,368,209,137,73,-0.168,-0.147,-0.108,-7.4,-1,80.356,76.39,61.935,0.335,0.335,0.182,0.148,-0.48887349,-0.076755225,-0.5858758,-0.8822192,-0.38169427
YPL031C,PHO85,1.015,1020,17,901,102,61,42,-0.131,-0.146,-0.09,0,-2.5,66.923,87.715,29.3,0.422,0.265,0.176,0.137,-0.5154262,0.0721645,-0.4323138,-0.5556172,-0.5621336
YJL001W,PRE3,0.649,764,65,583,116,82,35,-0.139,-0.141,-0.083,-0.6,-1.8,80.881,87.192,51.299,0.353,0.379,0.112,0.155,-0.4354036667,-0.2918620333,-0.2428510167,-0.7439058333,-0.3369202
YHR001W-A,QCR10,0.813,297,6,228,63,49,15,-0.092,-0.084,0.26,-4.4,-1.2,42.059,92.904,65.442,0.381,0.333,0.143,0.143,-0.2875583333,0.0208063333,-0.1752407667,-0.4230343333,-0.3210296667
YGR183C,QCR9,0.79,414,3,198,213,192,22,-0.255,-0.256,0.018,-5.4,-1.7,85.793,89.751,33.492,0.263,0.324,0.23,0.183,-0.00251521,0.17138558,-0.2213876,-0.1879305,-0.04195412
YDL082W,RPL13A,0.805,965,4,596,365,326,40,-0.174,-0.17,-0.072,-3.7,-0.1,64.745,93.474,54.609,0.337,0.34,0.153,0.17,-0.1123339889,-0.3077137222,-0.3088554333,-0.6085523711,-0.2574095389
YMR142C,RPL13B,0.929,1002,4,596,402,381,22,-0.186,-0.187,0.005,-2.8,-1.8,72.786,81.578,77.468,0.371,0.284,0.206,0.139,0.010744425,0.06720101,-0.31346557,-0.41778074,-0.20306691
YKL006W,RPL14A,0.735,815,129,288,398,350,49,-0.224,-0.234,-0.098,-1.7,-0.6,90.543,100,74.359,0.334,0.337,0.178,0.151,0.2784962,0.08898588,0.18150962,0.190843255,0.106145812
YHL001W,RPL14B,0.639,815,129,288,398,351,48,-0.204,-0.213,-0.127,-2.7,-2.2,81.72,100,63.467,0.327,0.314,0.168,0.191,0.126086255,0.339571265,0.326733181,0.143004505,0.106650837
YIL133C,RPL16A,0.522,890,31,569,290,233,58,-0.197,-0.206,-0.114,-3.5,-1.2,64.389,88.285,48.189,0.345,0.286,0.207,0.162,0.1536635193,0.2324215533,-0.21479046,-0.2249116667,-0.0405946333
YNL069C,RPL16B,0.886,1046,28,569,449,424,26,-0.192,-0.198,0.092,-4.1,-3.2,64.389,91.811,77.605,0.37,0.298,0.158,0.174,0.2132033182,0.0329944414,0.0530345182,-0.1896204091,0.0598510636
YKL180W,RPL17A,0.921,861,309,246,306,283,24,-0.175,-0.166,0.075,-0.7,-2.4,63.503,100,82.266,0.379,0.34,0.15,0.131,0.1104972625,-0.17315231,0.0131984563,0.0806858,-0.196510875
YJL177W,RPL17B,0.871,872,309,246,317,283,35,-0.164,-0.165,-0.003,-1.3,-2.6,79,100,85.069,0.404,0.331,0.161,0.104,0.0785104938,-0.0952743375,0.173644425,-0.0874913188,0.10393325
YOL120C,RPL18A,0.652,1008,112,449,447,423,25,-0.265,-0.274,0.164,-3.8,-1.7,59.208,89.181,78.389,0.293,0.391,0.179,0.136,-0.1406417955,-0.0864502,-0.3479193364,-0.4752891795,-0.1736887636
YNL301C,RPL18B,0.386,993,112,449,432,392,41,-0.224,-0.226,-0.078,-0.9,-2.3,61.447,99.43,41.36,0.299,0.345,0.169,0.188,-0.2930378591,-0.3183512682,-0.1488013136,-0.6280917273,-0.0556230273
YBR084C-A,RPL19A,0.793,1076,2,568,506,488,19,-0.21,-0.213,0.126,-3.5,0.1,83.859,41.162,40.349,0.336,0.316,0.19,0.158,-0.0579828336,-0.012046356,-0.332727092,-0.437385932,-0.118005412
YBL027W,RPL19B,0.885,954,2,568,384,343,42,-0.178,-0.185,-0.067,0,-2.7,92.999,99.43,62.9,0.346,0.326,0.172,0.156,-0.3033899737,0.0153360332,-0.3730145684,-0.4568341289,-0.2545476263
YMR242C,RPL20A,0.963,996,1,518,477,431,47,-0.174,-0.176,-0.083,-1.5,-2.2,32.261,81.421,50.878,0.348,0.294,0.161,0.197,0.1475870652,-0.1950519478,-0.139135387,-0.1686535174,-0.2293709957
YOR312C,RPL20B,0.837,945,1,518,426,389,38,-0.184,-0.195,-0.063,-1.1,-1.3,96.24,100,63.652,0.359,0.34,0.171,0.129,-0.1147725071,-0.1088773048,-0.22088956,-0.2822257286,-0.2831612429
YBR191W,RPL21A,0.878,871,11,472,388,340,49,-0.189,-0.19,-0.084,-3.5,-0.3,70.531,87.715,66.004,0.358,0.309,0.17,0.162,-0.1087472779,-0.1728217179,-0.3230583105,-0.2609808684,-0.2371619579
YPL079W,RPL21B,0.777,904,11,472,421,359,63,-0.18,-0.184,-0.121,-4.5,-3.1,65.309,76.39,62.617,0.39,0.318,0.176,0.116,0.0270935667,-0.1073481238,-0.2225932238,-0.2003949619,-0.4205568124
YLR061W,RPL22A,0.895,755,12,354,389,334,56,-0.169,-0.172,-0.091,-0.1,-5,63.928,99.43,83.268,0.324,0.386,0.162,0.129,0.1037911474,0.0003077,-0.0443240053,-0.0653035053,-0.0761080263
YBL087C,RPL23A,0.917,918,42,372,504,460,45,-0.179,-0.176,-0.073,-3.5,-6,70.123,100,58.032,0.323,0.331,0.145,0.2,-0.006832152,-0.05798726,-0.148446472,-0.428911892,-0.239489256
YER117W,RPL23B,0.884,885,42,372,471,419,53,-0.2,-0.204,-0.089,-1.9,-3.4,67.961,89.197,82.434,0.342,0.321,0.176,0.161,0.2414034435,0.1243098957,-0.085012043,-0.1051974609,-0.1038101043
YOL127W,RPL25,0.857,843,13,416,414,373,42,-0.206,-0.214,-0.121,-1.2,-7,64.84,99.43,75.495,0.324,0.326,0.188,0.162,0.1678380567,0.071470145,-0.01236129,-0.12174347,0.125892555
YLR344W,RPL26A,0.804,831,19,365,447,427,21,-0.193,-0.198,0.152,-3,0.1,69.906,87.715,76.68,0.347,0.318,0.174,0.161,-0.0798784045,-0.3766137909,-0.2664635909,-0.1242829136,-0.19195075
YGR034W,RPL26B,0.818,861,19,365,477,448,30,-0.182,-0.18,-0.04,-6.6,-1.7,81.575,100,70.348,0.4,0.291,0.193,0.115,-0.0218151038,0.1210873542,-0.1744128625,-0.4428248346,-0.2015680292
YHR010W,RPL27A,0.703,972,31,380,561,531,31,-0.234,-0.231,0.129,-6.6,-3.4,55.785,92.381,68.762,0.337,0.319,0.196,0.148,0.0004300464,-0.0597223321,-0.1228699393,-0.2397377011,-0.1589995107
YDR471W,RPL27B,0.722,795,31,380,384,363,22,-0.229,-0.239,0.036,-4,-1.5,56.468,100,47.207,0.378,0.266,0.195,0.161,0.231261,0.1275291526,0.1706726368,0.1409574684,0.0881017653
YGL103W,RPL28,0.264,961,49,401,511,468,44,-0.266,-0.275,-0.148,-5.6,-8.6,68.927,84.987,69.323,0.303,0.356,0.184,0.157,-0.2461336885,0.1015013962,-0.3221956796,-0.8606823923,-0.1414767885
YFR031C-A,RPL2A,0.356,912,4,761,147,112,36,-0.117,-0.133,-0.017,-5.2,-0.9,65.428,82.671,81.687,0.245,0.415,0.156,0.184,-0.826349,0.261921,-0.4049215714,-1.0903298571,-0.6993624286
YIL018W,RPL2B,0.484,1165,4,761,400,367,34,-0.191,-0.186,-0.065,-3.2,-0.9,80.926,89.197,68.255,0.297,0.372,0.172,0.158,-0.0246567515,-0.292098775,-0.08028311,-0.67331566,-0.189588205
YGL030W,RPL30,0.108,548,3,315,230,190,41,-0.195,-0.215,-0.032,-3.3,0.5,14.597,74.547,44.295,0.322,0.365,0.165,0.148,-0.2861621667,0.2046736833,-0.4073053417,-1.0124866667,-0.2507771508
YDL075W,RPL31A,0.967,763,57,285,421,392,30,-0.161,-0.164,0.017,-4.1,-1.7,78.244,89.751,78.832,0.418,0.29,0.145,0.147,0.0756777602,0.0368743667,-0.0224372714,0.0297217762,-0.1190556714
YLR406C,RPL31B,0.463,691,57,285,349,319,31,-0.234,-0.248,-0.006,-2.1,-6.2,63.064,89.197,60.882,0.266,0.352,0.209,0.172,0.0262274765,-0.5868822941,-0.3752452294,-0.3071536235,-0.0694584294
YPL143W,RPL33A,0.916,849,19,305,525,487,39,-0.184,-0.185,-0.09,-2.4,-1.4,81.956,87.715,81.67,0.373,0.316,0.164,0.147,0.0969903138,-0.3408208038,-0.1570461092,-0.2976494592,-0.2585268731
YOR234C,RPL33B,0.607,851,19,305,527,478,50,-0.203,-0.215,-0.046,-1.8,-3.9,80.369,77.714,75.513,0.34,0.309,0.203,0.148,0.0468042741,-0.1133548778,-0.1135244333,-0.3038607833,-0.0895805741
YER056C-A,RPL34A,0.886,763,37,329,397,344,54,-0.192,-0.191,-0.13,-1.4,-1.9,71.038,70.951,64.053,0.373,0.305,0.156,0.166,-0.139629685,-0.1513859185,-0.33914304,-0.508525595,-0.2066495233
YIL052C,RPL34B,0.766,838,37,329,472,437,36,-0.213,-0.215,-0.081,-1.5,-0.8,71.038,94.241,50.086,0.36,0.303,0.186,0.15,0.3679410375,-0.0110197917,0.0544843767,0.1343550417,0.1996644833
YDL191W,RPL35A,0.846,854,3,360,491,443,49,-0.186,-0.194,-0.11,-2.5,-2.4,93.932,72.703,58.102,0.348,0.334,0.181,0.136,-0.0362167833,-0.0725289083,-0.1644800879,-0.3001238542,-0.0062858604
YDL136W,RPL35B,0.943,768,3,360,405,368,38,-0.196,-0.194,0.013,-3.9,-2.4,83.495,89.197,58.074,0.353,0.321,0.183,0.143,0.0524982,0.01272089,-0.1844592855,-0.22185399,-0.024035305
YMR194W,RPL36A,0.947,766,16,287,463,434,30,-0.198,-0.203,-0.097,-1.9,-4.5,77.351,71.33,49.38,0.382,0.274,0.171,0.173,-0.2513731783,-0.3843003152,-0.1960433391,-0.561717313,-0.3020594783
YPL249C-A,RPL36B,0.887,541,16,287,238,210,29,-0.181,-0.2,0.031,-3.5,-2.9,81.107,89.181,63.942,0.319,0.311,0.176,0.193,-0.2512766333,0.3477997217,-0.4668902417,-0.6802725042,-0.1081033917
YLR185W,RPL37A,0.964,626,7,260,359,313,47,-0.17,-0.177,-0.106,-1,-6,60.848,83.005,80.092,0.384,0.265,0.201,0.15,0.1399099533,0.1217651056,-0.1603608,-0.5915878722,0.1507592167
YDR500C,RPL37B,0.99,656,7,260,389,355,35,-0.161,-0.167,-0.037,-0.6,-6.8,64.45,84.987,66.15,0.388,0.272,0.193,0.147,0.15363108,0.111274295,-0.165659734,-0.36298781,-0.0092936
YJL189W,RPL39,0.96,542,6,150,386,331,56,-0.191,-0.189,-0.12,-3.6,-2.8,61.825,89.181,54.122,0.329,0.329,0.179,0.163,0.019351985,0.256273682,-0.03307825,-0.36407215,-0.087582715
YIL148W,RPL40A,0.939,821,8,379,434,399,36,-0.183,-0.195,0,-4.3,-4.4,54.394,80.328,90.222,0.334,0.346,0.157,0.164,0.06607835,-0.0024460773,-0.1244982355,-0.2778965,-0.3166543657
YKR094C,RPL40B,0.93,755,8,379,368,289,80,-0.186,-0.168,-0.186,-1.9,-1.5,93.683,84.417,55.306,0.351,0.326,0.171,0.152,-0.2667836395,-0.1766099158,-0.3270664516,-0.5331900368,-0.1871983
YNL162W,RPL42A,0.783,833,4,317,512,476,37,-0.204,-0.214,-0.041,-2.8,0.8,81.609,99.43,71.139,0.338,0.32,0.166,0.176,-0.094594928,0.084361224,-0.2219781092,-0.602033276,-0.051553192
YHR141C,RPL42B,0.911,762,4,317,441,395,47,-0.163,-0.155,-0.134,-0.4,-1.1,62.962,94.811,55.341,0.351,0.345,0.15,0.154,-0.1809922364,-0.0431397136,-0.1238441591,-0.7264002545,-0.2795809955
YPR043W,RPL43A,0.874,682,2,277,403,370,34,-0.209,-0.209,-0.006,-0.7,-2.2,65.515,99.43,71.756,0.337,0.325,0.189,0.149,0.06823218,-0.05215545,-0.1369115009,-0.330935125,-0.17128324
YJR094W-A,RPL43B,0.706,554,2,277,275,242,34,-0.208,-0.2,0.029,-0.3,-4.9,58.932,100,80.39,0.316,0.327,0.225,0.131,-0.0216882308,0.0232845308,-0.1571046538,-0.1047995385,-0.0307209155
YML073C,RPL6A,0.885,946,15,516,415,381,35,-0.171,-0.174,0.006,-1.7,-3.9,93.317,87.715,61.606,0.364,0.296,0.166,0.173,0.2444386615,0.41335725,0.02431834,-0.05348087,-0.007173135
YLR448W,RPL6B,0.921,915,15,516,384,346,39,-0.183,-0.184,-0.167,-1.4,-5,75.205,85.855,25.836,0.401,0.258,0.19,0.151,0.0431146547,-0.1954135342,-0.0689231947,-0.5259753789,-0.0924629132
YPR187W,RPO26,0.567,544,20,448,76,56,21,-0.13,-0.104,-0.057,-3.4,-3.8,54.854,91.811,50.502,0.276,0.434,0.171,0.118,0.310012,0.496908775,0.4172399,-0.204421425,0.37737475
YDL130W,RPP1B,0.643,622,114,207,301,243,59,-0.188,-0.187,-0.183,-5.5,-3.6,74.757,100,47.73,0.362,0.276,0.183,0.179,-0.177193984,0.2305703067,0.0772419847,-0.3125596333,0.08835514
YGR214W,RPS0A,0.877,1214,90,669,455,429,27,-0.158,-0.16,0.122,-3.3,-6.4,78.586,85.285,64.985,0.345,0.345,0.141,0.169,-0.0388959727,0.1068139591,-0.1739860409,-0.5638812518,-0.0503671909
YLR048W,RPS0B,0.779,1118,90,669,359,330,30,-0.175,-0.189,0.08,-3.3,-1.8,71.067,87.947,61.599,0.354,0.304,0.184,0.159,0.1015417529,-0.1556545235,-0.2686983588,-0.4388894706,-0.1023396
YOR293W,RPS10A,0.876,755,52,266,437,368,70,-0.232,-0.222,-0.169,-3,-4.5,89.496,91.811,87.294,0.336,0.293,0.197,0.174,0.2081248664,-0.1896783545,-0.0858302364,-0.1585125273,0.1071331755
YMR230W,RPS10B,0.865,728,52,266,410,371,40,-0.182,-0.182,-0.065,-3.9,-8.3,89.496,94.811,34.109,0.373,0.312,0.176,0.139,0.0578866615,-0.2253135,-0.129239775,-0.1029786275,-0.0382994818
YDR025W,RPS11A,0.703,810,45,426,339,316,24,-0.182,-0.194,0.092,-3.3,0.7,68.851,68.657,56.842,0.316,0.378,0.168,0.139,0.1735565706,-0.1000709941,-0.0144429412,-0.3452954706,-0.1103959882
YBR048W,RPS11B,0.904,982,45,426,511,492,20,-0.208,-0.195,0.08,-4.4,-1.6,69.534,99.43,57.563,0.382,0.282,0.174,0.162,0.3026359462,-0.0688556719,0.0989117577,0.2715855577,0.123158005
YDR064W,RPS13,0.583,995,21,435,539,486,54,-0.258,-0.257,-0.12,-4.8,-2,61.884,89.181,69.35,0.319,0.341,0.171,0.169,-0.1002926074,-0.0932841556,-0.2420259148,-0.6221234185,-0.124117337
YCR031C,RPS14A,0.938,721,7,407,307,258,50,-0.205,-0.207,-0.154,-3.5,-1.6,72.518,83.225,55.854,0.342,0.352,0.156,0.15,-0.31369922,0.29487008,-0.2662479933,-0.68268592,-0.3552924927
YMR143W,RPS16A,0.705,976,24,408,544,505,40,-0.21,-0.211,-0.015,-2.9,-4.8,77.902,89.181,50.011,0.353,0.305,0.184,0.158,0.1606182926,-0.1688458667,-0.0868403889,0.0763838926,-0.1711791963
YDL083C,RPS16B,0.774,864,24,408,432,391,42,-0.226,-0.22,-0.105,0.4,-1.8,75.893,99.43,71.962,0.317,0.333,0.19,0.16,-0.1620147909,-0.1005011145,-0.1826683191,-0.2736027273,-0.1198241
YML024W,RPS17A,0.77,809,3,408,398,340,59,-0.219,-0.226,-0.164,-2.8,-2.2,94.616,93.474,62.303,0.324,0.337,0.198,0.141,0.045606295,-0.2540671,-0.148858481,-0.22518893,-0.11755168
YDR447C,RPS17B,0.677,725,3,408,314,277,38,-0.191,-0.213,-0.021,-3.7,-2.4,68.626,91.811,70.117,0.318,0.293,0.239,0.15,0.0995927563,0.0039119375,-0.0479467563,0.1280689,0.1624557375
YDR450W,RPS18A,0.767,876,47,394,435,390,46,-0.208,-0.217,-0.087,-0.7,-1.3,81.516,84.417,64.116,0.336,0.308,0.186,0.17,0.1215631864,0.0544463182,-0.0731140845,-0.3914668682,0.1457246886
YML026C,RPS18B,0.944,842,47,394,401,361,41,-0.188,-0.192,-0.144,-4.6,-1.2,81.516,94.811,15.617,0.354,0.304,0.172,0.17,0.1918397526,0.0424924316,-0.0545950263,0.2356159211,0.0247311684
YOL121C,RPS19A,0.508,825,20,415,390,355,36,-0.17,-0.173,-0.025,-3.4,-3.6,64.183,100,60.587,0.341,0.346,0.174,0.138,0.1445606684,0.1339420684,0.0174561211,0.1704949474,0.0339929158
YNL302C,RPS19B,0.915,986,20,415,551,517,35,-0.183,-0.183,-0.1,-3.9,-5.4,63.499,100,56.749,0.356,0.31,0.194,0.14,0.2740296,-0.1341059321,0.1095026214,0.1041657582,0.02505134
YKR057W,RPS21A,0.947,586,24,240,322,301,22,-0.19,-0.195,0.023,-1.5,-3.8,80.011,70.576,53.608,0.366,0.298,0.158,0.177,-0.2401089938,-0.0512472938,-0.0990671681,-0.7124333063,-0.1269365813
YJL136C,RPS21B,0.929,724,24,240,460,434,27,-0.197,-0.208,0,-0.5,-1.7,64.463,82.435,72.565,0.374,0.285,0.198,0.143,0.1165913304,-0.009706,-0.011141687,-0.1992092696,-0.0626839739
YGR118W,RPS23A,0.862,757,65,373,319,297,23,-0.199,-0.202,0.091,-3.3,-4,76.89,89.197,83.094,0.332,0.326,0.179,0.163,0.1108682063,0.0502505788,0.1533652438,-0.2460069125,0.2915517125
YPR132W,RPS23B,0.945,803,65,373,365,305,61,-0.173,-0.171,-0.161,0.3,-3.8,78.194,100,53.446,0.373,0.31,0.189,0.129,-0.1634391961,0.096964455,-0.1358730389,-0.0198590556,0.0409438056
YER074W,RPS24A,0.945,874,3,405,466,424,43,-0.162,-0.166,-0.077,-2.2,-1.9,94.616,100,60.007,0.361,0.311,0.163,0.165,0.1521755565,0.0015805652,0.0663464739,-0.1541886565,-0.1515526783
YIL069C,RPS24B,0.779,817,3,405,409,352,58,-0.201,-0.189,-0.195,-2,-2.3,69.612,79.229,84.071,0.345,0.323,0.183,0.149,-0.0206321986,0.0275471095,-0.1618993048,-0.7231459857,-0.0569715571
YKL156W,RPS27A,0.818,600,3,246,351,318,34,-0.199,-0.186,-0.053,-5.2,-1.6,94.616,89.197,49.513,0.365,0.279,0.211,0.145,0.1125184944,0.2708101944,-0.2229637661,-0.0299557056,0.1662538367
YHR021C,RPS27B,0.948,799,3,246,550,495,56,-0.216,-0.215,-0.111,-2.8,-2.9,77.665,94.241,79.066,0.36,0.304,0.193,0.144,0.0517406304,0.1403511693,0.0037166429,-0.0230155107,-0.1286254832
YLR287C-A,RPS30A,0.898,622,3,189,430,391,40,-0.192,-0.2,-0.013,-2.6,-0.6,66.72,92.904,78.934,0.377,0.326,0.163,0.135,-0.086743039,-0.1495619857,-0.2784103905,-0.4618140705,-0.2565640048
YOR182C,RPS30B,0.928,603,3,189,411,371,41,-0.182,-0.187,-0.088,-2,0.4,76.145,94.241,45.213,0.394,0.311,0.153,0.141,0.0522200429,0.0579442905,0.0668062286,-0.2058224,0.0148444752
YJR145C,RPS4A,0.839,1042,14,772,256,174,83,-0.162,-0.153,-0.116,-3,-3.3,71.281,84.987,61.742,0.355,0.34,0.156,0.148,-0.4221001538,-0.0485482308,-0.5545490769,-0.8532090769,-0.3936738769
YHR203C,RPS4B,0.904,1055,14,772,269,228,42,-0.187,-0.18,-0.083,-4.5,-2.7,63.142,100,66.251,0.353,0.323,0.201,0.123,-0.0313699231,0.4269800769,-0.0999225385,-0.3785774615,0.0718334885
YPL090C,RPS6A,0.921,1105,6,705,394,357,38,-0.166,-0.173,-0.092,-5.4,-1.6,61.691,93.474,61.701,0.381,0.317,0.168,0.135,0.214898231,0.24633586,0.070134705,-0.02644706,0.03269943
YBR181C,RPS6B,0.954,1063,6,705,352,330,23,-0.189,-0.191,0.048,-2.2,-1.2,88.245,100,61.05,0.386,0.273,0.173,0.168,-0.2924773056,-0.1579564,-0.4086320444,-0.8093807778,-0.3279738667
YOR096W,RPS7A,0.798,974,144,429,401,369,33,-0.222,-0.227,0.048,-3.7,-1.5,86.811,87.947,69.48,0.352,0.309,0.17,0.17,0.1420215235,-0.19785422,-0.1026140305,-0.1453812,-0.004951835
YNL096C,RPS7B,0.582,918,144,429,345,310,36,-0.209,-0.198,-0.014,-0.8,-2.3,86.811,81.562,52.967,0.33,0.325,0.186,0.159,0.1224526529,-0.2435117647,-0.1594651,0.0195703412,-0.0356283765
YBR189W,RPS9B,0.721,1001,7,581,413,382,32,-0.2,-0.207,0.05,-3.2,-2,54.44,78.371,80.15,0.308,0.344,0.169,0.179,-0.485683281,-0.1322903333,-0.238944181,-0.7756873714,-0.298115501
YOL048C,RRT8,0.569,1107,285,744,78,49,30,-0.119,-0.12,0.003,-1.8,-3.9,44.792,72.612,36.179,0.269,0.487,0.154,0.09,0.0120625,-0.13330555,-0.05217595,-0.063352725,0.202415325
YDR129C,SAC6,0.382,2040,21,1908,111,92,20,-0.116,-0.14,0.065,-0.6,-2.1,82.731,93.474,36.495,0.279,0.36,0.153,0.207,-0.4912726,0.26512902,-0.3631886,-0.972266,-0.355499
YPL218W,SAR1,0.407,712,28,545,139,121,19,-0.145,-0.157,0.053,-6.1,-3.8,64.359,91.811,58.701,0.245,0.46,0.144,0.151,-0.1987871286,0.3873661429,0.07943955,-0.1446512714,-0.0149197857
YMR079W,SEC14,0.695,1071,9,906,156,117,40,-0.146,-0.142,-0.092,-2.4,-0.6,71.914,100,49.893,0.314,0.423,0.122,0.141,-0.124358625,-0.071644625,0.0858683963,-0.425156125,-0.17088155
YGL137W,SEC27,0.069,2870,18,2652,200,129,72,-0.174,-0.194,-0.108,-5.2,-1.9,100,78.948,56.742,0.33,0.3,0.185,0.185,0.04543769,0.05806348,-0.03931582,-0.31658764,-0.02009861
YAL030W,SNC1,0.568,467,102,252,113,51,63,-0.124,-0.041,-0.135,-7.2,-2.4,40.661,85.285,61.514,0.319,0.363,0.142,0.177,-0.13705974,0.010750934,-0.14152852,-0.230732,-0.00505386
YML085C,TUB1,0.414,1460,25,1319,116,75,42,-0.109,-0.112,-0.019,-2.3,-6.5,89.395,86.623,52.861,0.181,0.5,0.138,0.181,0.1060774667,0.1903265,0.0754043,-0.13986965,0.0187028333
YDR092W,UBC13,0.51,730,30,432,268,113,156,-0.245,-0.213,-0.265,-6.1,-8.6,84.959,52.316,48.1,0.306,0.284,0.187,0.224,-0.1766766154,-0.0218001308,-0.1495178846,-0.3453668308,-0.0232402469
YBR082C,UBC4,0.526,542,47,400,95,70,26,-0.113,-0.137,0.004,-2.3,-3.3,83.135,100,35.095,0.305,0.389,0.137,0.168,-0.1586806,-0.30338338,-0.34331154,-0.6486536,-0.27921521
YDL064W,UBC9,0.06,584,38,436,110,72,39,-0.18,-0.167,-0.046,-5.1,-0.9,65.778,93.474,62.011,0.3,0.364,0.145,0.191,-0.30171886,0.1986952,-0.357739252,-0.283892,-0.10554
YHR012W,VPS29,0.666,968,48,801,119,89,31,-0.157,-0.174,-0.074,-2.4,-3.6,72.501,87.715,36.293,0.269,0.353,0.16,0.218,-0.1724519333,0.3276686667,-0.0539142167,-0.251924,-0.1128027
YPR028W,YOP1,0.201,676,51,492,133,88,46,-0.176,-0.176,-0.022,-7,-4.4,71.997,93.474,80.847,0.301,0.308,0.158,0.233,-0.3566251429,-0.4716180143,-0.2504063429,-0.5747782857,-0.2249886
