S000000028_C	intron	YAL030W	1	87388	87500	chrI	87286	87752
S000000122_C	intron	YBL026W	1	170677	170804	chrII	170623	171038
S000000123_C	intron	YBL027W	1	168425	168808	chrII	168423	169376
S000000136_C	intron	YBL040C	-1	142750	142846	chrII	142112	142868
S000007488_C	intron	YBL059C-A	-1	110421	110505	chrII	110125	110539
S000000183_C	intron	YBL087C	-1	60194	60697	chrII	59822	60739
S000000252_C	intron	YBR048W	1	332876	333386	chrII	332831	333812
S000000286_C	intron	YBR082C	-1	407028	407122	chrII	406628	407169
S000002156_C	intron	YBR084C-A	-1	414754	415259	chrII	414186	415261
S000000385_C	intron	YBR181C	-1	592417	592768	chrII	591712	592774
S000000393_C	intron	YBR189W	1	604515	604927	chrII	604508	605508
S000000395_C	intron	YBR191W	1	606281	606668	chrII	606270	607140
S000000627_C	intron	YCR031C	-1	177907	178213	chrIII	177500	178220
S000002187_C	intron	YDL029W	1	399362	399484	chrIV	399340	400638
S000002222_C	intron	YDL064W	1	337525	337634	chrIV	337487	338070
S000002233_C	intron	YDL075W	1	322283	322703	chrIV	322226	322988
S000002240_C	intron	YDL082W	1	308428	308792	chrIV	308424	309388
S000002241_C	intron	YDL083C	-1	307334	307765	chrIV	306926	307789
S000002283_C	intron	YDL125C	-1	239399	239509	chrIV	239019	239606
S000002288_C	intron	YDL130W	1	230020	230320	chrIV	229906	230527
S000002295_C	intron	YDL136W	1	217603	218007	chrIV	217600	218367
S000002350_C	intron	YDL191W	1	117667	118157	chrIV	117664	118517
S000002432_C	intron	YDR025W	1	491560	491898	chrIV	491515	492324
S000002471_C	intron	YDR064W	1	579479	580017	chrIV	579458	580452
S000002499_C	intron	YDR092W	1	629906	630173	chrIV	629876	630605
S000002536_C	intron	YDR129C	-1	715248	715358	chrIV	713340	715379
S000002775_C	intron	YDR367W	1	1212878	1212978	chrIV	1212848	1213614
S000002855_C	intron	YDR447C	-1	1355237	1355550	chrIV	1354829	1355553
S000002858_C	intron	YDR450W	1	1359970	1360404	chrIV	1359923	1360798
S000002879_C	intron	YDR471W	1	1401801	1402184	chrIV	1401770	1402564
S000002908_C	intron	YDR500C	-1	1450458	1450846	chrIV	1450198	1450853
S000002135_C	intron	YER056C-A	-1	269752	270148	chrV	269423	270185
S000000876_C	intron	YER074W	1	306326	306791	chrV	306323	307196
S000000919_C	intron	YER117W	1	396811	397281	chrV	396769	397653
S000001855_C	intron	YFL039C	-1	54378	54686	chrVI	53260	54696
S000002104_C	intron	YFR031C-A	-1	221268	221414	chrVI	220507	221418
S000002998_C	intron	YGL030W	1	439094	439323	chrVII	439091	439638
S000003071_C	intron	YGL103W	1	311016	311526	chrVII	310967	311927
S000003105_C	intron	YGL137W	1	249887	250086	chrVII	249869	252738
S000003194_C	intron	YGL226C-A	-1	72989	73137	chrVII	72749	73158
S000003266_C	intron	YGR034W	1	555831	556307	chrVII	555812	556672
S000003350_C	intron	YGR118W	1	727039	727357	chrVII	726974	727730
S000003415_C	intron	YGR183C	-1	859261	859473	chrVII	859063	859476
S000003446_C	intron	YGR214W	1	920665	921119	chrVII	920575	921788
S000000993_C	intron	YHL001W	1	104406	104803	chrVIII	104277	105091
S000003529_C	intron	YHR001W-A	1	107832	107894	chrVIII	107826	108122
S000001052_C	intron	YHR010W	1	126552	127112	chrVIII	126521	127492
S000001054_C	intron	YHR012W	1	129529	129647	chrVIII	129481	130448
S000001063_C	intron	YHR021C	-1	148117	148666	chrVIII	147871	148669
S000001183_C	intron	YHR141C	-1	382307	382747	chrVIII	381990	382751
S000001246_C	intron	YHR203C	-1	505248	505516	chrVIII	504476	505530
S000001280_C	intron	YIL018W	1	316772	317171	chrIX	316768	317932
S000001314_C	intron	YIL052C	-1	256555	257026	chrIX	256226	257063
S000001331_C	intron	YIL069C	-1	231958	232366	chrIX	231553	232369
S000001373_C	intron	YIL111W	1	155223	155310	chrIX	155222	155765
S000001395_C	intron	YIL133C	-1	99096	99385	chrIX	98527	99416
S000001410_C	intron	YIL148W	1	68716	69149	chrIX	68708	69528
S000003538_C	intron	YJL001W	1	435228	435343	chrX	435163	435926
S000003672_C	intron	YJL136C	-1	156790	157249	chrX	156550	157273
S000003713_C	intron	YJL177W	1	91095	91411	chrX	90786	91657
S000003725_C	intron	YJL189W	1	75939	76324	chrX	75933	76474
S000003855_C	intron	YJR094W-A	1	608307	608581	chrX	608305	608858
S000003906_C	intron	YJR145C	-1	702799	703054	chrX	702027	703068
S000001489_C	intron	YKL006W	1	432035	432432	chrXI	431906	432720
S000001639_C	intron	YKL156W	1	158616	158966	chrXI	158613	159212
S000001663_C	intron	YKL180W	1	109578	109883	chrXI	109269	110129
S000001673_C	intron	YKL190W	1	82999	83074	chrXI	82947	83550
S000001765_C	intron	YKR057W	1	551681	552002	chrXI	551657	552242
S000001802_C	intron	YKR094C	-1	618375	618742	chrXI	617996	618750
S000003973_C	intron	YLL050C	-1	40222	40400	chrXII	39804	40414
S000004038_C	intron	YLR048W	1	242322	242680	chrXII	242232	243349
S000004051_C	intron	YLR061W	1	263206	263594	chrXII	263194	263948
S000004175_C	intron	YLR185W	1	522670	523028	chrXII	522663	523288
S000004278_C	intron	YLR287C-A	-1	712726	713155	chrXII	712537	713158
S000004336_C	intron	YLR344W	1	819331	819777	chrXII	819312	820142
S000004398_C	intron	YLR406C	-1	931350	931698	chrXII	931065	931755
S000004440_C	intron	YLR448W	1	1028869	1029252	chrXII	1028854	1029768
S000004486_C	intron	YML024W	1	225892	226289	chrXIII	225889	226697
S000004488_C	intron	YML026C	-1	223381	223781	chrXIII	222987	223828
S000004500_C	intron	YML036W	1	206098	206203	chrXIII	205642	206293
S000004538_C	intron	YML073C	-1	123743	124157	chrXIII	123227	124172
S000004550_C	intron	YML085C	-1	99260	99375	chrXIII	97941	99400
S000004684_C	intron	YMR079W	1	424998	425153	chrXIII	424989	426059
S000004750_C	intron	YMR142C	-1	550802	551203	chrXIII	550206	551207
S000004751_C	intron	YMR143W	1	551952	552495	chrXIII	551928	552903
S000004807_C	intron	YMR194W	1	651161	651623	chrXIII	651145	651910
S000004843_C	intron	YMR230W	1	732466	732875	chrXIII	732414	733141
S000004855_C	intron	YMR242C	-1	753743	754219	chrXIII	753225	754220
S000004906_C	intron	YMR292W	1	854817	854898	chrXIII	854795	855293
S000004949_C	intron	YNL004W	1	622945	623286	chrXIV	622915	624621
S000004983_C	intron	YNL038W	1	557611	557684	chrXIV	557020	557783
S000005013_C	intron	YNL069C	-1	494525	494973	chrXIV	493956	495001
S000005040_C	intron	YNL096C	-1	443827	444171	chrXIV	443398	444315
S000005074_C	intron	YNL130C	-1	380690	380781	chrXIV	379558	380831
S000005106_C	intron	YNL162W	1	331326	331837	chrXIV	331322	332154
S000005245_C	intron	YNL301C	-1	64019	64450	chrXIV	63570	64562
S000005246_C	intron	YNL302C	-1	62373	62923	chrXIV	61958	62943
S000005408_C	intron	YOL048C	-1	240948	241025	chrXV	240204	241310
S000005480_C	intron	YOL120C	-1	93844	94290	chrXV	93395	94402
S000005481_C	intron	YOL121C	-1	92441	92830	chrXV	92026	92850
S000005487_C	intron	YOL127W	1	80361	80774	chrXV	80348	81190
S000005622_C	intron	YOR096W	1	505938	506338	chrXV	505794	506767
S000005648_C	intron	YOR122C	-1	552666	552874	chrXV	552298	552887
S000005708_C	intron	YOR182C	-1	678380	678790	chrXV	678191	678793
S000005760_C	intron	YOR234C	-1	778860	779386	chrXV	778555	779405
S000005819_C	intron	YOR293W	1	867150	867586	chrXV	867098	867852
S000005839_C	intron	YOR312C	-1	900768	901193	chrXV	900250	901194
S000005952_C	intron	YPL031C	-1	492919	493020	chrXVI	492018	493037
S000006000_C	intron	YPL079W	1	406647	407067	chrXVI	406636	407539
S000006011_C	intron	YPL090C	-1	377996	378389	chrXVI	377291	378395
S000006064_C	intron	YPL143W	1	282141	282665	chrXVI	282122	282970
S000006139_C	intron	YPL218W	1	138726	138864	chrXVI	138698	139409
S000006438_C	intron	YPL249C-A	-1	75986	76223	chrXVI	75699	76239
S000006232_C	intron	YPR028W	1	623578	623710	chrXVI	623527	624202
S000006247_C	intron	YPR043W	1	654168	654570	chrXVI	654166	654847
S000006336_C	intron	YPR132W	1	795030	795394	chrXVI	794965	795767
S000006391_C	intron	YPR187W	1	911277	911352	chrXVI	911257	911800
