ORG,Gene,AUC,Gene len (bp),Exon1 len (bp),Exon2 len (bp),Intron len (bp),5ss-BP len (bp),BP-3ss len (bp),"ΔG per bp, intron","ΔG  per bp, 5ss-BP","ΔG  per bp, 3ss-BP","ΔG, 5ss","ΔG, 3ss",5ss Score,BP score,3ss Score,A,U,G,C
YDL082W,RPL13A,0.805,965,4,596,365,326,40,-0.174,-0.17,-0.072,-3.7,-0.1,64.745,93.474,54.609,0.337,0.34,0.153,0.17
YMR142C,RPL13B,0.929,1002,4,596,402,381,22,-0.186,-0.187,0.005,-2.8,-1.8,72.786,81.578,77.468,0.371,0.284,0.206,0.139
YKL006W,RPL14A,0.735,815,129,288,398,350,49,-0.224,-0.234,-0.098,-1.7,-0.6,90.543,100,74.359,0.334,0.337,0.178,0.151
YHL001W,RPL14B,0.639,815,129,288,398,351,48,-0.204,-0.213,-0.127,-2.7,-2.2,81.72,100,63.467,0.327,0.314,0.168,0.191
YIL133C,RPL16A,0.522,890,31,569,290,233,58,-0.197,-0.206,-0.114,-3.5,-1.2,64.389,88.285,48.189,0.345,0.286,0.207,0.162
YNL069C,RPL16B,0.886,1046,28,569,449,424,26,-0.192,-0.198,0.092,-4.1,-3.2,64.389,91.811,77.605,0.37,0.298,0.158,0.174
YKL180W,RPL17A,0.921,861,309,246,306,283,24,-0.175,-0.166,0.075,-0.7,-2.4,63.503,100,82.266,0.379,0.34,0.15,0.131
YJL177W,RPL17B,0.871,872,309,246,317,283,35,-0.164,-0.165,-0.003,-1.3,-2.6,79,100,85.069,0.404,0.331,0.161,0.104
YOL120C,RPL18A,0.652,1008,112,449,447,423,25,-0.265,-0.274,0.164,-3.8,-1.7,59.208,89.181,78.389,0.293,0.391,0.179,0.136
YNL301C,RPL18B,0.386,993,112,449,432,392,41,-0.224,-0.226,-0.078,-0.9,-2.3,61.447,99.43,41.36,0.299,0.345,0.169,0.188
YBR084C-A,RPL19A,0.793,1076,2,568,506,488,19,-0.21,-0.213,0.126,-3.5,0.1,83.859,41.162,40.349,0.336,0.316,0.19,0.158
YBL027W,RPL19B,0.885,954,2,568,384,343,42,-0.178,-0.185,-0.067,0,-2.7,92.999,99.43,62.9,0.346,0.326,0.172,0.156
YMR242C,RPL20A,0.963,996,1,518,477,431,47,-0.174,-0.176,-0.083,-1.5,-2.2,32.261,81.421,50.878,0.348,0.294,0.161,0.197
YOR312C,RPL20B,0.837,945,1,518,426,389,38,-0.184,-0.195,-0.063,-1.1,-1.3,96.24,100,63.652,0.359,0.34,0.171,0.129
YBR191W,RPL21A,0.878,871,11,472,388,340,49,-0.189,-0.19,-0.084,-3.5,-0.3,70.531,87.715,66.004,0.358,0.309,0.17,0.162
YPL079W,RPL21B,0.777,904,11,472,421,359,63,-0.18,-0.184,-0.121,-4.5,-3.1,65.309,76.39,62.617,0.39,0.318,0.176,0.116
YLR061W,RPL22A,0.895,755,12,354,389,334,56,-0.169,-0.172,-0.091,-0.1,-5,63.928,99.43,83.268,0.324,0.386,0.162,0.129
YBL087C,RPL23A,0.917,918,42,372,504,460,45,-0.179,-0.176,-0.073,-3.5,-6,70.123,100,58.032,0.323,0.331,0.145,0.2
YER117W,RPL23B,0.884,885,42,372,471,419,53,-0.2,-0.204,-0.089,-1.9,-3.4,67.961,89.197,82.434,0.342,0.321,0.176,0.161
YOL127W,RPL25,0.857,843,13,416,414,373,42,-0.206,-0.214,-0.121,-1.2,-7,64.84,99.43,75.495,0.324,0.326,0.188,0.162
YLR344W,RPL26A,0.804,831,19,365,447,427,21,-0.193,-0.198,0.152,-3,0.1,69.906,87.715,76.68,0.347,0.318,0.174,0.161
YGR034W,RPL26B,0.818,861,19,365,477,448,30,-0.182,-0.18,-0.04,-6.6,-1.7,81.575,100,70.348,0.4,0.291,0.193,0.115
YHR010W,RPL27A,0.703,972,31,380,561,531,31,-0.234,-0.231,0.129,-6.6,-3.4,55.785,92.381,68.762,0.337,0.319,0.196,0.148
YDR471W,RPL27B,0.722,795,31,380,384,363,22,-0.229,-0.239,0.036,-4,-1.5,56.468,100,47.207,0.378,0.266,0.195,0.161
YGL103W,RPL28,0.264,961,49,401,511,468,44,-0.266,-0.275,-0.148,-5.6,-8.6,68.927,84.987,69.323,0.303,0.356,0.184,0.157
YFR031C-A,RPL2A,0.356,912,4,761,147,112,36,-0.117,-0.133,-0.017,-5.2,-0.9,65.428,82.671,81.687,0.245,0.415,0.156,0.184
YIL018W,RPL2B,0.484,1165,4,761,400,367,34,-0.191,-0.186,-0.065,-3.2,-0.9,80.926,89.197,68.255,0.297,0.372,0.172,0.158
YGL030W,RPL30,0.108,548,3,315,230,190,41,-0.195,-0.215,-0.032,-3.3,0.5,14.597,74.547,44.295,0.322,0.365,0.165,0.148
YDL075W,RPL31A,0.967,763,57,285,421,392,30,-0.161,-0.164,0.017,-4.1,-1.7,78.244,89.751,78.832,0.418,0.29,0.145,0.147
YLR406C,RPL31B,0.463,691,57,285,349,319,31,-0.234,-0.248,-0.006,-2.1,-6.2,63.064,89.197,60.882,0.266,0.352,0.209,0.172
YPL143W,RPL33A,0.916,849,19,305,525,487,39,-0.184,-0.185,-0.09,-2.4,-1.4,81.956,87.715,81.67,0.373,0.316,0.164,0.147
YOR234C,RPL33B,0.607,851,19,305,527,478,50,-0.203,-0.215,-0.046,-1.8,-3.9,80.369,77.714,75.513,0.34,0.309,0.203,0.148
YER056C-A,RPL34A,0.886,763,37,329,397,344,54,-0.192,-0.191,-0.13,-1.4,-1.9,71.038,70.951,64.053,0.373,0.305,0.156,0.166
YIL052C,RPL34B,0.766,838,37,329,472,437,36,-0.213,-0.215,-0.081,-1.5,-0.8,71.038,94.241,50.086,0.36,0.303,0.186,0.15
YDL191W,RPL35A,0.846,854,3,360,491,443,49,-0.186,-0.194,-0.11,-2.5,-2.4,93.932,72.703,58.102,0.348,0.334,0.181,0.136
YDL136W,RPL35B,0.943,768,3,360,405,368,38,-0.196,-0.194,0.013,-3.9,-2.4,83.495,89.197,58.074,0.353,0.321,0.183,0.143
YMR194W,RPL36A,0.947,766,16,287,463,434,30,-0.198,-0.203,-0.097,-1.9,-4.5,77.351,71.33,49.38,0.382,0.274,0.171,0.173
YPL249C-A,RPL36B,0.887,541,16,287,238,210,29,-0.181,-0.2,0.031,-3.5,-2.9,81.107,89.181,63.942,0.319,0.311,0.176,0.193
YLR185W,RPL37A,0.964,626,7,260,359,313,47,-0.17,-0.177,-0.106,-1,-6,60.848,83.005,80.092,0.384,0.265,0.201,0.15
YDR500C,RPL37B,0.99,656,7,260,389,355,35,-0.161,-0.167,-0.037,-0.6,-6.8,64.45,84.987,66.15,0.388,0.272,0.193,0.147
YJL189W,RPL39,0.96,542,6,150,386,331,56,-0.191,-0.189,-0.12,-3.6,-2.8,61.825,89.181,54.122,0.329,0.329,0.179,0.163
YIL148W,RPL40A,0.939,821,8,379,434,399,36,-0.183,-0.195,0,-4.3,-4.4,54.394,80.328,90.222,0.334,0.346,0.157,0.164
YKR094C,RPL40B,0.93,755,8,379,368,289,80,-0.186,-0.168,-0.186,-1.9,-1.5,93.683,84.417,55.306,0.351,0.326,0.171,0.152
YNL162W,RPL42A,0.783,833,4,317,512,476,37,-0.204,-0.214,-0.041,-2.8,0.8,81.609,99.43,71.139,0.338,0.32,0.166,0.176
YHR141C,RPL42B,0.911,762,4,317,441,395,47,-0.163,-0.155,-0.134,-0.4,-1.1,62.962,94.811,55.341,0.351,0.345,0.15,0.154
YPR043W,RPL43A,0.874,682,2,277,403,370,34,-0.209,-0.209,-0.006,-0.7,-2.2,65.515,99.43,71.756,0.337,0.325,0.189,0.149
YJR094W-A,RPL43B,0.706,554,2,277,275,242,34,-0.208,-0.2,0.029,-0.3,-4.9,58.932,100,80.39,0.316,0.327,0.225,0.131
YML073C,RPL6A,0.885,946,15,516,415,381,35,-0.171,-0.174,0.006,-1.7,-3.9,93.317,87.715,61.606,0.364,0.296,0.166,0.173
YLR448W,RPL6B,0.921,915,15,516,384,346,39,-0.183,-0.184,-0.167,-1.4,-5,75.205,85.855,25.836,0.401,0.258,0.19,0.151
YPR187W,RPO26,0.567,544,20,448,76,56,21,-0.13,-0.104,-0.057,-3.4,-3.8,54.854,91.811,50.502,0.276,0.434,0.171,0.118
YDL130W,RPP1B,0.643,622,114,207,301,243,59,-0.188,-0.187,-0.183,-5.5,-3.6,74.757,100,47.73,0.362,0.276,0.183,0.179
YGR214W,RPS0A,0.877,1214,90,669,455,429,27,-0.158,-0.16,0.122,-3.3,-6.4,78.586,85.285,64.985,0.345,0.345,0.141,0.169
YLR048W,RPS0B,0.779,1118,90,669,359,330,30,-0.175,-0.189,0.08,-3.3,-1.8,71.067,87.947,61.599,0.354,0.304,0.184,0.159
YOR293W,RPS10A,0.876,755,52,266,437,368,70,-0.232,-0.222,-0.169,-3,-4.5,89.496,91.811,87.294,0.336,0.293,0.197,0.174
YMR230W,RPS10B,0.865,728,52,266,410,371,40,-0.182,-0.182,-0.065,-3.9,-8.3,89.496,94.811,34.109,0.373,0.312,0.176,0.139
YDR025W,RPS11A,0.703,810,45,426,339,316,24,-0.182,-0.194,0.092,-3.3,0.7,68.851,68.657,56.842,0.316,0.378,0.168,0.139
YBR048W,RPS11B,0.904,982,45,426,511,492,20,-0.208,-0.195,0.08,-4.4,-1.6,69.534,99.43,57.563,0.382,0.282,0.174,0.162
YDR064W,RPS13,0.583,995,21,435,539,486,54,-0.258,-0.257,-0.12,-4.8,-2,61.884,89.181,69.35,0.319,0.341,0.171,0.169
YCR031C,RPS14A,0.938,721,7,407,307,258,50,-0.205,-0.207,-0.154,-3.5,-1.6,72.518,83.225,55.854,0.342,0.352,0.156,0.15
YMR143W,RPS16A,0.705,976,24,408,544,505,40,-0.21,-0.211,-0.015,-2.9,-4.8,77.902,89.181,50.011,0.353,0.305,0.184,0.158
YDL083C,RPS16B,0.774,864,24,408,432,391,42,-0.226,-0.22,-0.105,0.4,-1.8,75.893,99.43,71.962,0.317,0.333,0.19,0.16
YML024W,RPS17A,0.77,809,3,408,398,340,59,-0.219,-0.226,-0.164,-2.8,-2.2,94.616,93.474,62.303,0.324,0.337,0.198,0.141
YDR447C,RPS17B,0.677,725,3,408,314,277,38,-0.191,-0.213,-0.021,-3.7,-2.4,68.626,91.811,70.117,0.318,0.293,0.239,0.15
YDR450W,RPS18A,0.767,876,47,394,435,390,46,-0.208,-0.217,-0.087,-0.7,-1.3,81.516,84.417,64.116,0.336,0.308,0.186,0.17
YML026C,RPS18B,0.944,842,47,394,401,361,41,-0.188,-0.192,-0.144,-4.6,-1.2,81.516,94.811,15.617,0.354,0.304,0.172,0.17
YOL121C,RPS19A,0.508,825,20,415,390,355,36,-0.17,-0.173,-0.025,-3.4,-3.6,64.183,100,60.587,0.341,0.346,0.174,0.138
YNL302C,RPS19B,0.915,986,20,415,551,517,35,-0.183,-0.183,-0.1,-3.9,-5.4,63.499,100,56.749,0.356,0.31,0.194,0.14
YKR057W,RPS21A,0.947,586,24,240,322,301,22,-0.19,-0.195,0.023,-1.5,-3.8,80.011,70.576,53.608,0.366,0.298,0.158,0.177
YJL136C,RPS21B,0.929,724,24,240,460,434,27,-0.197,-0.208,0,-0.5,-1.7,64.463,82.435,72.565,0.374,0.285,0.198,0.143
YGR118W,RPS23A,0.862,757,65,373,319,297,23,-0.199,-0.202,0.091,-3.3,-4,76.89,89.197,83.094,0.332,0.326,0.179,0.163
YPR132W,RPS23B,0.945,803,65,373,365,305,61,-0.173,-0.171,-0.161,0.3,-3.8,78.194,100,53.446,0.373,0.31,0.189,0.129
YER074W,RPS24A,0.945,874,3,405,466,424,43,-0.162,-0.166,-0.077,-2.2,-1.9,94.616,100,60.007,0.361,0.311,0.163,0.165
YIL069C,RPS24B,0.779,817,3,405,409,352,58,-0.201,-0.189,-0.195,-2,-2.3,69.612,79.229,84.071,0.345,0.323,0.183,0.149
YKL156W,RPS27A,0.818,600,3,246,351,318,34,-0.199,-0.186,-0.053,-5.2,-1.6,94.616,89.197,49.513,0.365,0.279,0.211,0.145
YHR021C,RPS27B,0.948,799,3,246,550,495,56,-0.216,-0.215,-0.111,-2.8,-2.9,77.665,94.241,79.066,0.36,0.304,0.193,0.144
YLR287C-A,RPS30A,0.898,622,3,189,430,391,40,-0.192,-0.2,-0.013,-2.6,-0.6,66.72,92.904,78.934,0.377,0.326,0.163,0.135
YOR182C,RPS30B,0.928,603,3,189,411,371,41,-0.182,-0.187,-0.088,-2,0.4,76.145,94.241,45.213,0.394,0.311,0.153,0.141
YJR145C,RPS4A,0.839,1042,14,772,256,174,83,-0.162,-0.153,-0.116,-3,-3.3,71.281,84.987,61.742,0.355,0.34,0.156,0.148
YHR203C,RPS4B,0.904,1055,14,772,269,228,42,-0.187,-0.18,-0.083,-4.5,-2.7,63.142,100,66.251,0.353,0.323,0.201,0.123
YPL090C,RPS6A,0.921,1105,6,705,394,357,38,-0.166,-0.173,-0.092,-5.4,-1.6,61.691,93.474,61.701,0.381,0.317,0.168,0.135
YBR181C,RPS6B,0.954,1063,6,705,352,330,23,-0.189,-0.191,0.048,-2.2,-1.2,88.245,100,61.05,0.386,0.273,0.173,0.168
YOR096W,RPS7A,0.798,974,144,429,401,369,33,-0.222,-0.227,0.048,-3.7,-1.5,86.811,87.947,69.48,0.352,0.309,0.17,0.17
YNL096C,RPS7B,0.582,918,144,429,345,310,36,-0.209,-0.198,-0.014,-0.8,-2.3,86.811,81.562,52.967,0.33,0.325,0.186,0.159
YBR189W,RPS9B,0.721,1001,7,581,413,382,32,-0.2,-0.207,0.05,-3.2,-2,54.44,78.371,80.15,0.308,0.344,0.169,0.179
