ORG,Gene,AUC,Gene len (bp),Exon1 len (bp),Exon2 len (bp),Intron len (bp),5ss-BP len (bp),BP-3ss len (bp),"ΔG per bp, intron","ΔG  per bp, 5ss-BP","ΔG  per bp, 3ss-BP","ΔG, 5ss","ΔG, 3ss",5ss Score,BP score,3ss Score,A,U,G,C,AA,UA,GA,CA,AU,UU,GU,CU,AG,UG,GG,CG,AC,UC,GC,CC,AAA,UAA,GAA,CAA,AUA,UUA,GUA,CUA,AGA,UGA,GGA,CGA,ACA,UCA,GCA,CCA,AAU,UAU,GAU,CAU,AUU,UUU,GUU,CUU,AGU,UGU,GGU,CGU,ACU,UCU,GCU,CCU,AAG,UAG,GAG,CAG,AUG,UUG,GUG,CUG,AGG,UGG,GGG,CGG,ACG,UCG,GCG,CCG,AAC,UAC,GAC,CAC,AUC,UUC,GUC,CUC,AGC,UGC,GGC,CGC,ACC,UCC,GCC,CCC
YFL039C,ACT1,0.481,1437,10,1118,309,266,44,-0.161,-0.163,-0.03,-2.9,-1.9,69.443,82.435,58.528,0.288,0.392,0.146,0.175,0.101,0.101,0.052,0.036,0.107,0.159,0.042,0.084,0.032,0.071,0.019,0.019,0.049,0.062,0.029,0.036,0.049,0.029,0.02,0.003,0.039,0.026,0.013,0.023,0.013,0.023,0.007,0.01,0.003,0.01,0.007,0.016,0.023,0.042,0.023,0.02,0.049,0.072,0.013,0.026,0.01,0.023,0.003,0.003,0.026,0.029,0.02,0.01,0.013,0.013,0.007,0,0.01,0.036,0.01,0.016,0.003,0.007,0.007,0.003,0.007,0.01,0.003,0,0.016,0.016,0.003,0.013,0.01,0.026,0.007,0.02,0.003,0.02,0.003,0.003,0.013,0.013,0,0.01
YDL029W,ARP2,0.235,1299,22,1154,123,109,15,-0.227,-0.201,0.2,-3.7,-5.8,77.872,68.995,38.754,0.187,0.447,0.187,0.179,0.025,0.107,0.033,0.025,0.098,0.213,0.066,0.074,0.041,0.09,0.033,0.016,0.025,0.041,0.049,0.066,0,0.017,0,0.008,0.041,0.041,0.008,0.017,0,0.017,0.008,0.008,0,0,0.017,0.008,0.017,0.05,0.017,0.017,0.041,0.107,0.033,0.033,0.017,0.033,0.008,0,0.008,0.025,0.017,0.025,0,0.025,0.017,0,0.008,0.058,0.025,0,0.008,0.017,0,0.008,0,0.017,0,0,0.008,0.017,0,0,0.008,0.008,0,0.025,0.008,0.025,0.017,0,0.017,0,0.017,0.033
YML036W,CGI121,0.74,652,456,90,106,65,42,-0.092,-0.088,0.043,-0.7,0.5,97.854,74.816,48.436,0.302,0.406,0.104,0.189,0.114,0.105,0.019,0.067,0.067,0.219,0.057,0.067,0.038,0.038,0.01,0.01,0.086,0.048,0.01,0.048,0.048,0.048,0.01,0.01,0.019,0.038,0.029,0.019,0.01,0,0,0.01,0.029,0.029,0,0.01,0.029,0.029,0,0.01,0.038,0.115,0.029,0.038,0,0.038,0.01,0,0.029,0,0,0.038,0,0.01,0.01,0.019,0.01,0.029,0,0,0.01,0,0,0,0,0.01,0,0,0.038,0.019,0,0.029,0,0.038,0,0.01,0.01,0,0,0,0.029,0.01,0.01,0
YBL059C-A,CMC2,0.856,415,34,296,85,57,29,-0.074,-0.111,0.1,-2.2,-1.4,52.395,87.947,41.366,0.2,0.459,0.106,0.235,0.024,0.107,0.024,0.048,0.095,0.214,0.048,0.107,0.036,0.048,0,0.012,0.048,0.095,0.024,0.071,0,0.024,0,0,0.024,0.036,0.036,0.012,0.012,0,0,0.012,0.012,0.024,0,0.012,0,0.048,0.012,0.036,0.06,0.096,0,0.06,0.012,0.024,0,0,0.036,0.036,0.012,0.024,0.012,0.012,0,0.012,0,0.024,0.012,0.012,0,0,0,0,0,0,0,0.012,0.012,0.024,0.012,0,0.012,0.06,0,0.024,0,0.024,0,0,0,0.036,0.012,0.024
YKL190W,CNB1,0.499,604,52,476,76,58,19,-0.143,-0.086,0.037,-4.5,-1.1,80.78,85.338,38.644,0.395,0.224,0.237,0.145,0.16,0.067,0.12,0.053,0.04,0.093,0.04,0.053,0.08,0.053,0.067,0.027,0.12,0.013,0,0.013,0.068,0.027,0.068,0,0,0.027,0.027,0.014,0.027,0.041,0.041,0.014,0.054,0,0,0,0.014,0.014,0.014,0,0.027,0.041,0,0.027,0.014,0.014,0,0,0.054,0,0,0,0.041,0,0.027,0.014,0.014,0.014,0.014,0.014,0.027,0,0.027,0.014,0,0.014,0,0.014,0.041,0.027,0.014,0.041,0,0.014,0,0,0,0,0,0,0.014,0,0,0
YLL050C,COF1,0.483,611,14,418,179,47,133,-0.228,-0.017,-0.221,-3.2,-1.6,40.02,87.192,26.325,0.291,0.369,0.173,0.168,0.135,0.079,0.045,0.034,0.084,0.129,0.062,0.096,0.034,0.09,0.039,0.006,0.039,0.073,0.022,0.034,0.056,0.04,0.034,0.006,0.006,0.028,0.023,0.023,0.006,0.017,0.023,0,0.011,0.017,0,0.006,0.034,0.023,0.006,0.023,0.028,0.062,0.011,0.028,0.006,0.051,0,0,0.028,0.028,0.017,0.023,0.023,0.006,0,0.006,0.04,0.011,0.023,0.017,0.011,0.011,0.017,0,0,0.006,0,0,0.023,0.011,0.006,0,0.011,0.028,0.006,0.028,0.006,0.011,0,0.006,0,0.023,0.006,0.006
YIL111W,COX5B,0.219,544,1,455,88,57,32,-0.125,-0.028,-0.106,-2.7,-7.9,53.968,99.43,26.602,0.33,0.352,0.17,0.148,0.103,0.08,0.046,0.103,0.08,0.184,0.069,0.023,0.069,0.069,0.011,0.011,0.08,0.023,0.034,0.011,0.035,0.035,0,0.035,0.023,0.023,0.023,0.012,0.012,0.023,0,0.012,0.058,0,0.035,0.012,0,0.023,0.023,0.035,0.035,0.116,0.035,0,0.023,0.035,0.012,0,0.023,0,0,0,0.035,0,0.023,0.012,0.012,0.035,0.012,0.012,0.012,0,0,0,0,0.012,0,0,0.035,0.023,0,0.023,0.012,0.012,0,0,0.012,0.012,0,0,0,0.012,0,0
YNL130C,CPT1,0.586,1274,50,1132,92,58,35,-0.076,-0.084,-0.06,-3.3,-4.4,76.89,80.666,50.713,0.348,0.37,0.12,0.163,0.154,0.143,0.022,0.033,0.11,0.11,0.044,0.11,0.022,0.077,0.011,0,0.066,0.044,0.033,0.022,0.067,0.067,0.011,0.011,0.022,0.056,0.022,0.044,0.011,0.011,0,0,0.011,0,0.022,0,0.056,0.044,0,0.011,0.044,0.011,0.011,0.044,0,0.033,0,0,0.044,0.044,0.011,0.011,0.011,0.011,0,0,0.011,0.033,0.011,0.022,0,0.011,0,0,0,0,0,0,0.022,0.022,0.011,0.011,0.033,0.011,0,0,0,0.022,0.011,0,0.011,0,0,0.011
YBL040C,ERD2,0.756,757,22,638,97,63,35,-0.161,-0.149,-0.126,-4.7,-3.1,84.952,77.714,15.856,0.268,0.289,0.206,0.237,0.062,0.062,0.083,0.062,0.062,0.135,0.042,0.052,0.083,0.031,0.042,0.042,0.062,0.062,0.031,0.083,0.011,0.011,0.021,0.021,0,0.021,0.021,0.021,0.042,0.011,0.011,0.021,0.021,0.021,0,0.021,0.011,0.021,0.011,0.021,0.011,0.074,0.021,0.032,0.011,0.011,0,0.011,0.021,0.011,0.021,0,0.021,0.011,0.032,0.021,0.021,0.011,0,0,0.021,0.011,0.011,0,0,0.011,0,0.032,0.021,0.021,0.021,0,0.032,0.032,0,0,0,0,0.021,0.011,0.021,0.021,0.011,0.032
YMR292W,GOT1,0.597,499,22,395,82,64,19,-0.117,-0.108,0.132,-4.3,-2.5,88.034,100,58.362,0.22,0.463,0.134,0.183,0.037,0.111,0.049,0.025,0.049,0.259,0.049,0.111,0.062,0.037,0,0.025,0.074,0.062,0.025,0.025,0,0.025,0,0.013,0.013,0.062,0.013,0.025,0.037,0,0,0.013,0.013,0.013,0,0,0.013,0.025,0.013,0,0.013,0.15,0.037,0.062,0.013,0.013,0,0.013,0.05,0.025,0.025,0.013,0,0.037,0.025,0,0.025,0.013,0,0,0,0,0,0,0.013,0,0,0.013,0.025,0.025,0.013,0.013,0,0.037,0,0.025,0,0.025,0,0,0,0.025,0,0
YNL038W,GPI15,0.888,764,591,99,74,61,14,-0.122,-0.128,0.15,-4.5,-2.6,64.93,73.623,25.909,0.365,0.324,0.149,0.162,0.123,0.096,0.068,0.082,0.11,0.123,0.041,0.055,0.055,0.055,0,0.027,0.082,0.055,0.027,0,0.014,0.028,0.028,0.056,0.014,0.042,0.028,0.014,0.028,0.014,0,0.028,0.042,0.028,0.014,0,0.042,0.028,0.042,0,0.056,0.028,0.014,0.028,0,0.028,0,0,0.028,0.028,0,0,0.028,0.014,0,0.014,0.028,0.014,0,0.014,0,0,0,0,0.014,0,0.014,0,0.042,0.028,0,0.014,0.014,0.042,0,0,0.014,0.014,0,0,0,0,0,0
YDL125C,HNT1,0.335,588,97,380,111,89,23,-0.116,-0.129,0.026,-1.6,-4.3,82.357,88.285,16.1,0.378,0.252,0.153,0.216,0.091,0.136,0.045,0.109,0.127,0.018,0.045,0.064,0.064,0.045,0.009,0.027,0.1,0.055,0.045,0.018,0.018,0.037,0.009,0.028,0.055,0.018,0.028,0.037,0.018,0.009,0,0.018,0.064,0.018,0.018,0.009,0.037,0.037,0.028,0.028,0.009,0,0,0.009,0.018,0.018,0,0,0.028,0.018,0.018,0,0.018,0.018,0.009,0.018,0.046,0,0,0,0,0.009,0,0,0,0.009,0.009,0.009,0.018,0.046,0,0.037,0.018,0,0.018,0.018,0.018,0.009,0.009,0.009,0.009,0.009,0,0
YNL004W,HRB1,0.266,1707,30,1335,342,324,19,-0.21,-0.219,0.068,-1.8,-3.8,91.412,47.481,54.258,0.307,0.363,0.187,0.143,0.114,0.085,0.059,0.05,0.109,0.135,0.059,0.062,0.041,0.097,0.038,0.009,0.044,0.047,0.029,0.023,0.041,0.029,0.026,0.018,0.018,0.038,0.012,0.018,0.012,0.038,0.006,0.003,0.006,0.026,0.006,0.012,0.044,0.032,0.009,0.024,0.041,0.047,0.026,0.021,0.015,0.024,0.018,0,0.021,0.015,0.018,0.009,0.015,0.009,0.015,0.003,0.041,0.029,0.012,0.015,0.012,0.015,0.012,0,0.009,0,0,0,0.015,0.015,0.009,0.006,0.009,0.021,0.009,0.009,0,0.021,0.003,0.006,0.009,0.006,0.006,0.003
YDR367W,KEI1,0.706,767,30,636,101,71,31,-0.088,-0.099,-0.003,-1.8,-1.5,97.854,80.14,83.117,0.307,0.386,0.139,0.168,0.13,0.09,0.02,0.07,0.08,0.21,0.05,0.05,0.04,0.04,0.02,0.03,0.06,0.05,0.04,0.02,0.04,0.04,0.01,0.04,0.03,0.02,0.02,0.02,0,0,0.01,0.01,0.02,0.02,0.03,0,0.02,0.03,0.01,0.02,0.04,0.131,0.03,0.01,0,0.04,0,0,0.02,0.01,0.01,0.01,0.03,0.01,0,0,0.01,0.02,0,0.01,0.01,0,0,0.01,0.01,0.01,0,0.01,0.04,0.01,0,0.01,0,0.04,0,0.01,0.02,0,0.01,0.01,0.01,0.01,0,0
YBL026W,LSM2,0.846,416,54,234,128,92,37,-0.145,-0.097,-0.024,-4.8,-2.3,83.052,62.233,38.986,0.305,0.359,0.156,0.18,0.118,0.087,0.039,0.063,0.087,0.15,0.087,0.039,0.031,0.063,0.024,0.031,0.071,0.063,0,0.047,0.048,0.024,0.024,0.024,0.016,0.024,0.032,0.016,0.008,0.024,0.008,0,0.024,0.032,0,0.008,0.024,0.024,0.016,0.024,0.032,0.071,0.04,0.008,0.016,0.04,0.008,0.016,0.024,0,0,0.016,0.024,0,0,0.008,0.016,0.032,0.008,0.008,0,0,0.008,0.016,0.016,0.016,0,0,0.024,0.04,0,0.008,0.024,0.024,0.008,0.008,0,0,0,0,0.008,0.016,0,0.024
YGL226C-A,OST5,0.48,410,21,240,149,103,47,-0.163,-0.136,-0.145,-3.9,-3,56.881,94.811,23.706,0.262,0.369,0.161,0.208,0.081,0.088,0.027,0.068,0.081,0.149,0.068,0.074,0.034,0.074,0.02,0.027,0.068,0.061,0.041,0.041,0,0.048,0.007,0.027,0.02,0.02,0.027,0.02,0,0.02,0.007,0,0.041,0.014,0.007,0.007,0.041,0.014,0.014,0.014,0.034,0.054,0.034,0.027,0.014,0.034,0.007,0.007,0.014,0.02,0.014,0.027,0.014,0.014,0,0.007,0.02,0.027,0.007,0.02,0.007,0.007,0,0.007,0.014,0.014,0,0,0.027,0.014,0.007,0.02,0.007,0.048,0,0.007,0.007,0.014,0.007,0.014,0,0.014,0.02,0.007
YOR122C,PFY1,0.177,590,13,368,209,137,73,-0.168,-0.147,-0.108,-7.4,-1,80.356,76.39,61.935,0.335,0.335,0.182,0.148,0.139,0.062,0.082,0.053,0.096,0.149,0.053,0.038,0.048,0.077,0.019,0.034,0.053,0.048,0.024,0.024,0.048,0.029,0.034,0.029,0.01,0.029,0.014,0.01,0.024,0.034,0.01,0.014,0.024,0.019,0.005,0.005,0.048,0.019,0.019,0.01,0.043,0.072,0.019,0.014,0.01,0.024,0.005,0.01,0.019,0.01,0.005,0.005,0.014,0.005,0.019,0.01,0.034,0.024,0.014,0.005,0.005,0.01,0,0.005,0.005,0.01,0.01,0.01,0.029,0.01,0.01,0.005,0.01,0.024,0.005,0.01,0.005,0.01,0.005,0.005,0.005,0.01,0.005,0.005
YPL031C,PHO85,1.015,1020,17,901,102,61,42,-0.131,-0.146,-0.09,0,-2.5,66.923,87.715,29.3,0.422,0.265,0.176,0.137,0.168,0.119,0.089,0.05,0.109,0.04,0.059,0.059,0.089,0.05,0.01,0.02,0.059,0.059,0.01,0.01,0.07,0.02,0.06,0.02,0.04,0,0.04,0.04,0.03,0.03,0.01,0.02,0.02,0.03,0,0,0.03,0.05,0.01,0.02,0.01,0.02,0.01,0,0.04,0.01,0,0,0.02,0.02,0.01,0.01,0.03,0.03,0.02,0.01,0.04,0.01,0,0,0,0.01,0,0,0.01,0.01,0,0,0.04,0.02,0,0,0.02,0.01,0.01,0.02,0.01,0,0,0,0.01,0,0,0
YJL001W,PRE3,0.649,764,65,583,116,82,35,-0.139,-0.141,-0.083,-0.6,-1.8,80.881,87.192,51.299,0.353,0.379,0.112,0.155,0.148,0.157,0.017,0.035,0.122,0.122,0.061,0.078,0.052,0.035,0.017,0,0.035,0.07,0.009,0.043,0.044,0.07,0.018,0.018,0.053,0.035,0.035,0.035,0.009,0.009,0,0,0,0.026,0,0.009,0.061,0.061,0,0,0.035,0.044,0.018,0.026,0.026,0.018,0.009,0,0.026,0.026,0,0.026,0.035,0.018,0,0,0.018,0.018,0,0,0.009,0.009,0,0,0,0,0,0,0.009,0.009,0,0.018,0.018,0.026,0.009,0.018,0,0,0.009,0,0.009,0.018,0.009,0.009
YHR001W-A,QCR10,0.813,297,6,228,63,49,15,-0.092,-0.084,0.26,-4.4,-1.2,42.059,92.904,65.442,0.381,0.333,0.143,0.143,0.081,0.21,0.048,0.048,0.161,0.065,0.065,0.048,0.081,0.032,0,0.016,0.065,0.032,0.016,0.032,0,0.049,0.033,0,0.066,0.049,0.049,0.049,0.016,0.016,0,0.016,0.033,0.016,0,0,0.033,0.098,0,0.033,0.049,0.016,0,0,0.033,0.016,0,0,0.016,0,0.016,0.016,0.016,0.033,0.016,0.016,0.016,0,0.016,0,0,0,0,0,0,0,0,0.016,0.033,0.033,0,0,0.033,0,0,0,0.016,0,0,0,0.016,0.016,0,0
YGR183C,QCR9,0.79,414,3,198,213,192,22,-0.255,-0.256,0.018,-5.4,-1.7,85.793,89.751,33.492,0.263,0.324,0.23,0.183,0.08,0.071,0.047,0.066,0.094,0.099,0.08,0.052,0.057,0.104,0.038,0.028,0.033,0.052,0.061,0.038,0.028,0.014,0.024,0.014,0.009,0.033,0.014,0.014,0,0.024,0.009,0.014,0.014,0.019,0.014,0.019,0.033,0.033,0.005,0.024,0.024,0.019,0.028,0.028,0.014,0.038,0.014,0.009,0.009,0.009,0.028,0.005,0.009,0.019,0.009,0.019,0.047,0.014,0.038,0.005,0.009,0.024,0.005,0,0.005,0,0.014,0.009,0.009,0.005,0.009,0.009,0.014,0.033,0,0.005,0.028,0.019,0.009,0.005,0.005,0.024,0.005,0.005
YDL082W,RPL13A,0.805,965,4,596,365,326,40,-0.174,-0.17,-0.072,-3.7,-0.1,64.745,93.474,54.609,0.337,0.34,0.153,0.17,0.107,0.104,0.058,0.069,0.107,0.124,0.044,0.066,0.06,0.058,0.022,0.011,0.063,0.055,0.027,0.025,0.033,0.036,0.014,0.025,0.039,0.028,0.011,0.028,0.025,0.022,0.008,0.003,0.019,0.022,0.014,0.014,0.044,0.028,0.017,0.019,0.039,0.052,0.011,0.022,0.014,0.019,0.003,0.006,0.022,0.022,0.011,0.011,0.014,0.019,0.019,0.008,0.019,0.025,0.006,0.008,0.011,0.008,0.003,0,0.006,0.006,0,0,0.017,0.022,0.008,0.017,0.011,0.019,0.017,0.008,0.008,0.008,0.008,0.003,0.017,0.006,0.003,0
YMR142C,RPL13B,0.929,1002,4,596,402,381,22,-0.186,-0.187,0.005,-2.8,-1.8,72.786,81.578,77.468,0.371,0.284,0.206,0.139,0.147,0.087,0.087,0.05,0.1,0.097,0.04,0.047,0.07,0.075,0.037,0.022,0.055,0.025,0.04,0.02,0.05,0.04,0.037,0.02,0.025,0.033,0.013,0.018,0.028,0.035,0.018,0.007,0.01,0.015,0.022,0.003,0.043,0.02,0.028,0.01,0.037,0.033,0.018,0.01,0.005,0.018,0.007,0.007,0.028,0.005,0.007,0.007,0.022,0.02,0.018,0.01,0.022,0.028,0.007,0.018,0.02,0.01,0.003,0.005,0.01,0.003,0.005,0.005,0.033,0.007,0.005,0.01,0.015,0.005,0.003,0.003,0.015,0.013,0.01,0.003,0.007,0.003,0.005,0.005
YKL006W,RPL14A,0.735,815,129,288,398,350,49,-0.224,-0.234,-0.098,-1.7,-0.6,90.543,100,74.359,0.334,0.337,0.178,0.151,0.128,0.098,0.068,0.04,0.111,0.139,0.045,0.043,0.055,0.065,0.03,0.025,0.04,0.035,0.033,0.043,0.063,0.028,0.025,0.013,0.028,0.045,0.008,0.018,0.013,0.025,0.018,0.013,0.01,0.008,0.008,0.015,0.035,0.038,0.02,0.018,0.043,0.058,0.023,0.015,0.018,0.015,0.003,0.008,0.008,0.005,0.013,0.018,0.015,0.015,0.018,0.008,0.025,0.02,0.013,0.008,0.013,0.013,0.003,0.003,0.008,0.008,0.005,0.005,0.015,0.018,0.005,0.003,0.015,0.015,0.003,0.003,0.01,0.013,0.008,0.003,0.015,0.015,0.008,0.005
YHL001W,RPL14B,0.639,815,129,288,398,351,48,-0.204,-0.213,-0.127,-2.7,-2.2,81.72,100,63.467,0.327,0.314,0.168,0.191,0.121,0.083,0.06,0.063,0.091,0.121,0.045,0.058,0.053,0.065,0.033,0.015,0.063,0.045,0.028,0.055,0.035,0.033,0.025,0.028,0.03,0.025,0.015,0.013,0.018,0.023,0.018,0.003,0.023,0.015,0.013,0.013,0.038,0.025,0.01,0.018,0.03,0.053,0.02,0.018,0.015,0.02,0,0.008,0.025,0.01,0.003,0.02,0.015,0.01,0.015,0.013,0.028,0.013,0.008,0.018,0.013,0.01,0.008,0.003,0.003,0.003,0,0.01,0.033,0.015,0.01,0.005,0.003,0.03,0.003,0.01,0.005,0.013,0.008,0.003,0.013,0.018,0.013,0.013
YIL133C,RPL16A,0.522,890,31,569,290,233,58,-0.197,-0.206,-0.114,-3.5,-1.2,64.389,88.285,48.189,0.345,0.286,0.207,0.162,0.114,0.083,0.076,0.073,0.111,0.107,0.045,0.024,0.076,0.052,0.048,0.028,0.045,0.045,0.035,0.038,0.035,0.035,0.031,0.014,0.042,0.017,0.014,0.01,0.031,0.017,0.024,0.003,0.021,0.017,0.017,0.017,0.045,0.017,0.024,0.024,0.035,0.052,0.01,0.01,0.007,0.014,0.01,0.01,0.007,0.007,0.007,0.003,0.017,0.01,0.021,0.028,0.021,0.017,0.014,0,0.021,0.01,0.014,0.003,0.014,0.003,0.003,0.007,0.017,0.021,0,0.007,0.014,0.021,0.007,0.003,0.014,0.01,0,0.01,0.003,0.017,0.007,0.01
YNL069C,RPL16B,0.886,1046,28,569,449,424,26,-0.192,-0.198,0.092,-4.1,-3.2,64.389,91.811,77.605,0.37,0.298,0.158,0.174,0.152,0.096,0.056,0.067,0.116,0.096,0.04,0.047,0.049,0.065,0.02,0.022,0.054,0.042,0.04,0.038,0.067,0.034,0.027,0.025,0.036,0.025,0.018,0.018,0.016,0.025,0.011,0.004,0.009,0.02,0.02,0.018,0.051,0.029,0.013,0.022,0.04,0.031,0.011,0.013,0.016,0.007,0.007,0.009,0.022,0.009,0.007,0.009,0.016,0.016,0.009,0.009,0.025,0.025,0.011,0.004,0.009,0.007,0,0.004,0.011,0.002,0.007,0.002,0.018,0.018,0.007,0.011,0.016,0.016,0,0.011,0.007,0.027,0.002,0.004,0.011,0.011,0.007,0.009
YKL180W,RPL17A,0.921,861,309,246,306,283,24,-0.175,-0.166,0.075,-0.7,-2.4,63.503,100,82.266,0.379,0.34,0.15,0.131,0.154,0.089,0.075,0.062,0.125,0.148,0.036,0.033,0.049,0.062,0.02,0.016,0.052,0.043,0.016,0.02,0.059,0.016,0.046,0.033,0.023,0.046,0.007,0.013,0.02,0.039,0.016,0,0.016,0.03,0.003,0.013,0.046,0.039,0.026,0.013,0.056,0.062,0.016,0.013,0.013,0.016,0,0.003,0.02,0.007,0.007,0,0.023,0.01,0.003,0.013,0.033,0.02,0.003,0.007,0.007,0.003,0.003,0.007,0.003,0,0.007,0.007,0.026,0.023,0,0.003,0.013,0.02,0.01,0,0.007,0.003,0,0.007,0.013,0.007,0,0
YJL177W,RPL17B,0.871,872,309,246,317,283,35,-0.164,-0.165,-0.003,-1.3,-2.6,79,100,85.069,0.404,0.331,0.161,0.104,0.184,0.104,0.079,0.038,0.123,0.13,0.038,0.041,0.054,0.07,0.019,0.016,0.044,0.028,0.022,0.009,0.089,0.044,0.041,0.01,0.035,0.035,0.01,0.025,0.029,0.029,0.013,0.01,0.016,0.003,0.016,0.003,0.054,0.035,0.019,0.016,0.035,0.063,0.019,0.013,0.01,0.022,0,0.003,0.016,0.016,0.003,0.006,0.029,0.01,0.01,0.006,0.048,0.01,0.01,0.003,0.003,0.006,0.006,0.003,0.01,0.003,0.003,0,0.013,0.016,0.01,0.006,0.006,0.022,0,0,0.01,0.013,0,0,0.003,0.006,0,0
YOL120C,RPL18A,0.652,1008,112,449,447,423,25,-0.265,-0.274,0.164,-3.8,-1.7,59.208,89.181,78.389,0.293,0.391,0.179,0.136,0.103,0.092,0.054,0.045,0.11,0.177,0.061,0.045,0.043,0.07,0.036,0.029,0.038,0.054,0.027,0.018,0.031,0.025,0.029,0.018,0.029,0.034,0.013,0.016,0.016,0.022,0.007,0.009,0.009,0.018,0.007,0.011,0.038,0.04,0.013,0.018,0.047,0.085,0.031,0.013,0.011,0.018,0.022,0.007,0.009,0.02,0.011,0.004,0.013,0.016,0.007,0.007,0.016,0.029,0.009,0.016,0.007,0.016,0.004,0.009,0.013,0.007,0.007,0.002,0.02,0.011,0.004,0.002,0.018,0.029,0.007,0,0.007,0.013,0.002,0.004,0.007,0.009,0.002,0
YNL301C,RPL18B,0.386,993,112,449,432,392,41,-0.224,-0.226,-0.078,-0.9,-2.3,61.447,99.43,41.36,0.299,0.345,0.169,0.188,0.125,0.072,0.058,0.044,0.067,0.146,0.051,0.081,0.056,0.051,0.03,0.03,0.051,0.077,0.028,0.032,0.049,0.028,0.026,0.023,0.012,0.026,0.019,0.016,0.021,0.007,0.019,0.012,0.016,0.014,0.005,0.009,0.033,0.019,0.014,0.002,0.028,0.063,0.014,0.042,0.019,0.016,0.005,0.009,0.021,0.042,0.007,0.012,0.023,0.012,0.009,0.012,0.007,0.021,0.012,0.012,0.007,0.014,0,0.009,0.007,0.007,0.014,0.002,0.021,0.014,0.009,0.007,0.021,0.037,0.007,0.012,0.007,0.014,0.007,0,0.007,0.014,0.002,0.009
YBR084C-A,RPL19A,0.793,1076,2,568,506,488,19,-0.21,-0.213,0.126,-3.5,0.1,83.859,41.162,40.349,0.336,0.316,0.19,0.158,0.101,0.099,0.081,0.055,0.109,0.107,0.055,0.046,0.075,0.069,0.016,0.028,0.051,0.042,0.036,0.03,0.024,0.036,0.034,0.008,0.048,0.028,0.008,0.016,0.022,0.032,0.01,0.018,0.01,0.01,0.016,0.02,0.034,0.036,0.02,0.02,0.02,0.05,0.024,0.014,0.03,0.018,0.002,0.004,0.016,0.018,0.006,0.006,0.024,0.012,0.02,0.02,0.028,0.012,0.02,0.01,0.008,0.004,0.002,0.002,0.01,0.006,0.01,0.002,0.02,0.016,0.008,0.008,0.014,0.018,0.004,0.006,0.014,0.016,0.002,0.004,0.016,0.008,0.004,0.002
YBL027W,RPL19B,0.885,954,2,568,384,343,42,-0.178,-0.185,-0.067,0,-2.7,92.999,99.43,62.9,0.346,0.326,0.172,0.156,0.133,0.091,0.057,0.065,0.107,0.125,0.05,0.044,0.06,0.06,0.023,0.026,0.047,0.05,0.039,0.021,0.05,0.031,0.026,0.026,0.037,0.034,0.013,0.008,0.024,0.016,0.01,0.008,0.018,0.021,0.024,0.003,0.042,0.024,0.024,0.018,0.031,0.052,0.021,0.021,0.008,0.018,0.013,0.008,0.016,0.01,0.005,0.013,0.018,0.018,0.008,0.016,0.021,0.021,0.008,0.01,0.01,0.01,0,0.003,0.005,0.008,0.008,0.005,0.024,0.018,0,0.005,0.018,0.018,0.008,0.005,0.016,0.016,0,0.008,0.008,0.01,0.003,0
YMR242C,RPL20A,0.963,996,1,518,477,431,47,-0.174,-0.176,-0.083,-1.5,-2.2,32.261,81.421,50.878,0.348,0.294,0.161,0.197,0.137,0.08,0.067,0.065,0.097,0.086,0.044,0.067,0.044,0.069,0.021,0.025,0.071,0.059,0.027,0.04,0.061,0.032,0.029,0.015,0.023,0.019,0.008,0.029,0.011,0.027,0.013,0.017,0.017,0.027,0.004,0.017,0.038,0.017,0.015,0.027,0.017,0.032,0.019,0.019,0.013,0.021,0.004,0.004,0.027,0.013,0.011,0.017,0.017,0.011,0.011,0.006,0.036,0.015,0.011,0.008,0.011,0.008,0,0.002,0.011,0.004,0.008,0.002,0.021,0.021,0.013,0.017,0.021,0.021,0.006,0.011,0.008,0.013,0.004,0.002,0.017,0.015,0.004,0.004
YOR312C,RPL20B,0.837,945,1,518,426,389,38,-0.184,-0.195,-0.063,-1.1,-1.3,96.24,100,63.652,0.359,0.34,0.171,0.129,0.127,0.104,0.078,0.052,0.136,0.115,0.045,0.045,0.049,0.085,0.024,0.012,0.047,0.038,0.024,0.021,0.026,0.028,0.052,0.021,0.045,0.028,0.017,0.014,0.021,0.038,0.014,0.005,0.014,0.017,0.009,0.012,0.066,0.038,0.012,0.021,0.042,0.054,0.007,0.012,0.007,0.026,0.007,0.002,0.017,0.014,0.009,0.005,0.019,0.012,0.012,0.007,0.035,0.021,0.012,0.017,0.012,0.009,0,0.002,0.005,0.002,0.002,0.002,0.017,0.026,0.002,0.002,0.014,0.012,0.009,0.002,0.007,0.012,0.002,0.002,0.012,0.005,0.002,0.002
YBR191W,RPL21A,0.878,871,11,472,388,340,49,-0.189,-0.19,-0.084,-3.5,-0.3,70.531,87.715,66.004,0.358,0.309,0.17,0.162,0.129,0.096,0.062,0.072,0.111,0.101,0.052,0.047,0.059,0.057,0.023,0.028,0.059,0.057,0.031,0.016,0.049,0.031,0.028,0.021,0.031,0.039,0.013,0.013,0.026,0.026,0.003,0.008,0.034,0.021,0.016,0.003,0.036,0.026,0.021,0.028,0.039,0.036,0.01,0.016,0.018,0.016,0.005,0.01,0.008,0.018,0.013,0.008,0.018,0.021,0.005,0.016,0.021,0.01,0.016,0.01,0.003,0.008,0.008,0.005,0.016,0.01,0,0.003,0.026,0.018,0.008,0.008,0.021,0.016,0.013,0.008,0.01,0.008,0.008,0.005,0.003,0.008,0.003,0.003
YPL079W,RPL21B,0.777,904,11,472,421,359,63,-0.18,-0.184,-0.121,-4.5,-3.1,65.309,76.39,62.617,0.39,0.318,0.176,0.116,0.155,0.102,0.069,0.064,0.138,0.095,0.052,0.033,0.057,0.081,0.021,0.014,0.04,0.04,0.031,0.005,0.062,0.033,0.031,0.029,0.053,0.029,0.01,0.012,0.007,0.033,0.019,0.01,0.024,0.014,0.021,0.005,0.055,0.041,0.026,0.017,0.033,0.031,0.021,0.01,0.019,0.024,0.002,0.005,0.014,0.012,0.007,0,0.021,0.014,0.01,0.012,0.036,0.024,0.017,0.005,0.01,0.012,0,0,0.002,0.01,0.002,0,0.017,0.014,0.002,0.007,0.017,0.012,0.005,0.007,0.019,0.012,0,0,0,0.005,0,0
YLR061W,RPL22A,0.895,755,12,354,389,334,56,-0.169,-0.172,-0.091,-0.1,-5,63.928,99.43,83.268,0.324,0.386,0.162,0.129,0.144,0.09,0.064,0.026,0.095,0.175,0.064,0.052,0.036,0.075,0.015,0.034,0.049,0.046,0.015,0.018,0.072,0.026,0.036,0.01,0.026,0.031,0.018,0.016,0.01,0.031,0.008,0.016,0.008,0.008,0.005,0.005,0.036,0.028,0.023,0.008,0.039,0.09,0.028,0.018,0.01,0.039,0.003,0.01,0.026,0.021,0.003,0.003,0.018,0.013,0.003,0.003,0.018,0.034,0.01,0.013,0.008,0.003,0.003,0.003,0.013,0.01,0.005,0.005,0.018,0.023,0.003,0.005,0.013,0.021,0.008,0.005,0.005,0.003,0.003,0.005,0.003,0.008,0.003,0.005
YBL087C,RPL23A,0.917,918,42,372,504,460,45,-0.179,-0.176,-0.073,-3.5,-6,70.123,100,58.032,0.323,0.331,0.145,0.2,0.121,0.087,0.04,0.076,0.103,0.127,0.042,0.06,0.04,0.058,0.028,0.018,0.06,0.06,0.034,0.048,0.046,0.04,0.01,0.026,0.024,0.03,0.012,0.022,0.02,0.012,0.004,0.004,0.024,0.026,0.01,0.016,0.032,0.026,0.022,0.024,0.038,0.062,0.018,0.01,0.01,0.014,0.016,0,0.02,0.016,0.012,0.012,0.024,0.004,0.004,0.008,0.022,0.012,0.01,0.014,0.002,0.016,0.004,0.006,0.006,0.004,0.002,0.006,0.02,0.018,0.004,0.018,0.02,0.024,0.002,0.014,0.006,0.016,0.004,0.008,0.01,0.014,0.01,0.014
YER117W,RPL23B,0.884,885,42,372,471,419,53,-0.2,-0.204,-0.089,-1.9,-3.4,67.961,89.197,82.434,0.342,0.321,0.176,0.161,0.134,0.081,0.064,0.064,0.113,0.109,0.055,0.045,0.051,0.081,0.03,0.013,0.045,0.051,0.026,0.04,0.049,0.023,0.023,0.038,0.028,0.034,0.006,0.013,0.026,0.015,0.017,0.006,0.021,0.017,0.002,0.023,0.045,0.028,0.026,0.015,0.034,0.036,0.021,0.017,0.011,0.034,0.004,0.004,0.019,0.013,0.004,0.009,0.028,0.011,0.009,0.004,0.036,0.021,0.015,0.009,0.004,0.019,0.004,0.002,0,0.002,0.006,0.004,0.013,0.019,0.006,0.006,0.015,0.017,0.013,0.006,0.009,0.013,0.004,0,0.004,0.019,0.013,0.004
YOL127W,RPL25,0.857,843,13,416,414,373,42,-0.206,-0.214,-0.121,-1.2,-7,64.84,99.43,75.495,0.324,0.326,0.188,0.162,0.094,0.092,0.08,0.058,0.102,0.123,0.056,0.046,0.07,0.056,0.024,0.036,0.058,0.056,0.027,0.022,0.022,0.022,0.029,0.022,0.029,0.034,0.015,0.015,0.029,0.024,0.012,0.015,0.017,0.015,0.012,0.015,0.027,0.032,0.024,0.019,0.041,0.046,0.024,0.012,0.017,0.012,0.005,0.019,0.019,0.012,0.01,0.005,0.019,0.024,0.019,0.007,0.015,0.019,0.015,0.007,0.01,0.007,0.005,0.002,0.017,0.015,0.002,0.002,0.027,0.015,0.007,0.01,0.017,0.024,0.002,0.012,0.012,0.012,0.002,0,0.005,0.015,0.002,0
YLR344W,RPL26A,0.804,831,19,365,447,427,21,-0.193,-0.198,0.152,-3,0.1,69.906,87.715,76.68,0.347,0.318,0.174,0.161,0.141,0.092,0.065,0.049,0.108,0.099,0.049,0.063,0.049,0.072,0.031,0.02,0.049,0.056,0.027,0.029,0.063,0.022,0.036,0.02,0.029,0.034,0.013,0.016,0.018,0.027,0.011,0.009,0.011,0.02,0.011,0.007,0.045,0.036,0.011,0.016,0.034,0.031,0.016,0.018,0.007,0.022,0.011,0.007,0.025,0.018,0.009,0.011,0.018,0.018,0.011,0.002,0.022,0.018,0.013,0.018,0.016,0.007,0.007,0.002,0.004,0.007,0.002,0.007,0.016,0.016,0.007,0.011,0.022,0.016,0.007,0.011,0.007,0.016,0.002,0.002,0.009,0.011,0.004,0.004
YGR034W,RPL26B,0.818,861,19,365,477,448,30,-0.182,-0.18,-0.04,-6.6,-1.7,81.575,100,70.348,0.4,0.291,0.193,0.115,0.2,0.08,0.074,0.048,0.101,0.113,0.055,0.023,0.059,0.076,0.032,0.025,0.042,0.023,0.032,0.019,0.12,0.025,0.034,0.021,0.029,0.029,0.015,0.006,0.021,0.023,0.017,0.013,0.017,0.008,0.015,0.008,0.04,0.025,0.019,0.017,0.038,0.051,0.017,0.008,0.013,0.032,0,0.008,0.008,0,0.013,0.002,0.019,0.017,0.017,0.006,0.027,0.025,0.021,0.002,0.015,0.008,0.006,0.002,0.013,0.002,0.002,0.008,0.021,0.013,0.004,0.004,0.006,0.008,0.002,0.006,0.008,0.013,0.008,0.002,0.004,0.013,0.002,0
YHR010W,RPL27A,0.703,972,31,380,561,531,31,-0.234,-0.231,0.129,-6.6,-3.4,55.785,92.381,68.762,0.337,0.319,0.196,0.148,0.129,0.087,0.068,0.054,0.098,0.132,0.05,0.039,0.07,0.057,0.045,0.023,0.041,0.043,0.032,0.032,0.063,0.021,0.027,0.018,0.023,0.03,0.02,0.014,0.02,0.021,0.016,0.011,0.014,0.016,0.011,0.013,0.027,0.036,0.018,0.018,0.045,0.052,0.02,0.016,0.02,0.014,0.007,0.007,0.011,0.011,0.005,0.013,0.023,0.02,0.016,0.011,0.018,0.023,0.011,0.005,0.016,0.016,0.013,0,0.007,0.005,0.007,0.004,0.016,0.011,0.007,0.007,0.013,0.027,0,0.004,0.013,0.005,0.009,0.005,0.009,0.011,0.009,0.004
YDR471W,RPL27B,0.722,795,31,380,384,363,22,-0.229,-0.239,0.036,-4,-1.5,56.468,100,47.207,0.378,0.266,0.195,0.161,0.157,0.081,0.06,0.081,0.097,0.081,0.052,0.037,0.068,0.05,0.052,0.023,0.057,0.055,0.029,0.021,0.073,0.031,0.021,0.031,0.018,0.021,0.029,0.013,0.021,0.01,0.021,0.008,0.029,0.021,0.016,0.016,0.045,0.024,0.013,0.016,0.037,0.026,0.008,0.01,0.01,0.024,0.005,0.01,0.013,0.016,0.008,0,0.018,0.013,0.018,0.018,0.016,0.016,0.01,0.008,0.021,0.008,0.021,0.003,0.008,0.013,0,0.003,0.021,0.013,0.008,0.016,0.026,0.018,0.005,0.005,0.013,0.008,0.005,0.003,0.008,0.005,0.005,0.003
YGL103W,RPL28,0.264,961,49,401,511,468,44,-0.266,-0.275,-0.148,-5.6,-8.6,68.927,84.987,69.323,0.303,0.356,0.184,0.157,0.1,0.088,0.055,0.061,0.09,0.139,0.076,0.051,0.059,0.076,0.024,0.024,0.055,0.053,0.027,0.022,0.041,0.018,0.022,0.02,0.024,0.028,0.028,0.01,0.022,0.018,0.008,0.008,0.01,0.024,0.012,0.016,0.024,0.033,0.01,0.024,0.033,0.067,0.02,0.02,0.016,0.045,0.01,0.004,0.024,0.012,0.01,0.006,0.018,0.012,0.018,0.012,0.022,0.028,0.018,0.01,0.008,0.008,0.002,0.006,0.01,0.01,0.004,0,0.018,0.026,0.006,0.006,0.012,0.018,0.012,0.012,0.012,0.006,0.004,0.006,0.012,0.008,0.002,0
YFR031C-A,RPL2A,0.356,912,4,761,147,112,36,-0.117,-0.133,-0.017,-5.2,-0.9,65.428,82.671,81.687,0.245,0.415,0.156,0.184,0.062,0.075,0.027,0.082,0.096,0.185,0.096,0.041,0.027,0.089,0.007,0.027,0.062,0.068,0.021,0.034,0.014,0.021,0.014,0.014,0.007,0.034,0.028,0.007,0.007,0.021,0,0,0.028,0.034,0.014,0.007,0.021,0.041,0.014,0.021,0.041,0.11,0.014,0.021,0.007,0.062,0,0.021,0.014,0.014,0,0.014,0,0,0,0.028,0.034,0.021,0.028,0.007,0,0.007,0,0,0,0.014,0.007,0.007,0.028,0.014,0,0.021,0.014,0.021,0.028,0.007,0.007,0,0.007,0.007,0.021,0.007,0,0.007
YIL018W,RPL2B,0.484,1165,4,761,400,367,34,-0.191,-0.186,-0.065,-3.2,-0.9,80.926,89.197,68.255,0.297,0.372,0.172,0.158,0.088,0.093,0.065,0.053,0.118,0.163,0.035,0.058,0.043,0.063,0.035,0.03,0.05,0.055,0.035,0.018,0.03,0.015,0.028,0.015,0.025,0.038,0.013,0.018,0.013,0.033,0.01,0.01,0.025,0.013,0.013,0.003,0.028,0.055,0.015,0.02,0.038,0.08,0.015,0.03,0.005,0.015,0.008,0.005,0.02,0.013,0.01,0.015,0.015,0.005,0.008,0.015,0.035,0.023,0,0.005,0.013,0.005,0.008,0.01,0.005,0.02,0.005,0,0.015,0.018,0.015,0.003,0.02,0.023,0.008,0.005,0.01,0.01,0.01,0.005,0,0.01,0.008,0
YGL030W,RPL30,0.108,548,3,315,230,190,41,-0.195,-0.215,-0.032,-3.3,0.5,14.597,74.547,44.295,0.322,0.365,0.165,0.148,0.118,0.083,0.061,0.061,0.1,0.157,0.052,0.057,0.057,0.066,0.022,0.017,0.048,0.061,0.026,0.013,0.039,0.026,0.022,0.031,0.031,0.035,0.004,0.013,0.018,0.031,0.013,0,0.026,0.022,0.009,0.004,0.026,0.035,0.018,0.022,0.035,0.07,0.026,0.026,0.022,0.013,0,0.013,0.018,0.018,0.018,0.004,0.026,0.004,0.018,0.009,0.026,0.018,0.013,0.009,0.009,0.009,0.004,0,0.004,0.009,0,0.004,0.026,0.018,0.004,0,0.009,0.035,0.009,0.009,0.004,0.013,0.004,0.004,0,0.013,0,0
YDL075W,RPL31A,0.967,763,57,285,421,392,30,-0.161,-0.164,0.017,-4.1,-1.7,78.244,89.751,78.832,0.418,0.29,0.145,0.147,0.162,0.11,0.074,0.074,0.14,0.09,0.029,0.031,0.062,0.038,0.031,0.012,0.055,0.052,0.01,0.031,0.048,0.036,0.038,0.041,0.055,0.036,0.005,0.014,0.038,0.019,0.012,0.005,0.029,0.024,0,0.021,0.06,0.043,0.019,0.019,0.038,0.033,0.01,0.01,0.012,0.007,0.005,0.002,0.012,0.01,0.005,0.005,0.038,0.012,0.005,0.007,0.014,0.014,0.005,0.005,0.007,0.01,0.01,0.005,0.002,0.007,0.002,0,0.017,0.019,0.012,0.007,0.033,0.007,0.01,0.002,0.002,0.002,0.005,0,0.012,0.012,0.002,0.005
YLR406C,RPL31B,0.463,691,57,285,349,319,31,-0.234,-0.248,-0.006,-2.1,-6.2,63.064,89.197,60.882,0.266,0.352,0.209,0.172,0.08,0.083,0.063,0.04,0.103,0.141,0.057,0.052,0.034,0.078,0.049,0.046,0.049,0.052,0.037,0.034,0.017,0.014,0.029,0.02,0.032,0.035,0.009,0.009,0.006,0.026,0.014,0.017,0.012,0.006,0.006,0.017,0.037,0.037,0.023,0.006,0.037,0.055,0.023,0.026,0.003,0.017,0.017,0.017,0.014,0.026,0.006,0.006,0.014,0.012,0.003,0.006,0.023,0.023,0.02,0.012,0.012,0.02,0.009,0.009,0.009,0.012,0.02,0.006,0.012,0.02,0.009,0.009,0.012,0.029,0.006,0.006,0.012,0.014,0.009,0.003,0.014,0.009,0.006,0.006
YPL143W,RPL33A,0.916,849,19,305,525,487,39,-0.184,-0.185,-0.09,-2.4,-1.4,81.956,87.715,81.67,0.373,0.316,0.164,0.147,0.145,0.101,0.073,0.055,0.109,0.115,0.042,0.052,0.067,0.053,0.021,0.021,0.053,0.048,0.027,0.019,0.054,0.048,0.027,0.017,0.038,0.025,0.013,0.025,0.031,0.021,0.008,0.013,0.015,0.015,0.01,0.015,0.038,0.029,0.025,0.017,0.031,0.059,0.011,0.013,0.017,0.011,0.006,0.006,0.019,0.015,0.013,0.004,0.034,0.01,0.008,0.015,0.019,0.017,0.011,0.006,0.004,0.011,0.006,0,0.008,0.011,0.002,0,0.019,0.015,0.013,0.006,0.021,0.013,0.006,0.008,0.013,0.01,0.002,0.002,0.011,0.006,0.002,0
YOR234C,RPL33B,0.607,851,19,305,527,478,50,-0.203,-0.215,-0.046,-1.8,-3.9,80.369,77.714,75.513,0.34,0.309,0.203,0.148,0.114,0.091,0.082,0.053,0.114,0.101,0.049,0.046,0.065,0.08,0.034,0.023,0.048,0.038,0.036,0.027,0.042,0.015,0.042,0.015,0.034,0.032,0.013,0.011,0.025,0.036,0.013,0.008,0.019,0.015,0.01,0.01,0.03,0.044,0.019,0.021,0.036,0.03,0.019,0.015,0.015,0.017,0.006,0.01,0.015,0.01,0.011,0.01,0.023,0.019,0.013,0.01,0.04,0.017,0.01,0.013,0.017,0.01,0.008,0,0.002,0.008,0.01,0.004,0.019,0.013,0.008,0.008,0.004,0.021,0.008,0.006,0.006,0.017,0.008,0.006,0.011,0.006,0.006,0.004
YER056C-A,RPL34A,0.886,763,37,329,397,344,54,-0.192,-0.191,-0.13,-1.4,-1.9,71.038,70.951,64.053,0.373,0.305,0.156,0.166,0.144,0.101,0.073,0.056,0.098,0.109,0.043,0.056,0.073,0.043,0.015,0.023,0.058,0.053,0.023,0.033,0.058,0.033,0.025,0.028,0.038,0.03,0.015,0.018,0.03,0.023,0.005,0.015,0.013,0.018,0.013,0.013,0.043,0.03,0.015,0.01,0.033,0.046,0.015,0.015,0.015,0.018,0.003,0.005,0.025,0.018,0.003,0.01,0.02,0.018,0.028,0.008,0.015,0.008,0.005,0.015,0.01,0,0.005,0,0.01,0.005,0.005,0.003,0.023,0.02,0.005,0.01,0.013,0.025,0.008,0.008,0.015,0.003,0.003,0.003,0.01,0.013,0.003,0.008
YIL052C,RPL34B,0.766,838,37,329,472,437,36,-0.213,-0.215,-0.081,-1.5,-0.8,71.038,94.241,50.086,0.36,0.303,0.186,0.15,0.132,0.081,0.087,0.062,0.102,0.117,0.038,0.047,0.066,0.062,0.036,0.021,0.062,0.045,0.023,0.021,0.043,0.023,0.049,0.017,0.026,0.032,0.011,0.013,0.023,0.032,0.019,0.013,0.015,0.023,0.013,0.011,0.036,0.03,0.013,0.023,0.034,0.045,0.015,0.023,0.019,0.009,0.004,0.004,0.03,0.011,0.004,0.002,0.023,0.013,0.013,0.017,0.03,0.017,0.011,0.004,0.011,0.017,0.009,0,0.009,0.004,0.004,0.004,0.03,0.015,0.013,0.004,0.013,0.023,0.002,0.006,0.011,0.004,0.004,0.004,0.009,0.006,0.002,0.004
YDL191W,RPL35A,0.846,854,3,360,491,443,49,-0.186,-0.194,-0.11,-2.5,-2.4,93.932,72.703,58.102,0.348,0.334,0.181,0.136,0.141,0.102,0.063,0.043,0.104,0.135,0.053,0.043,0.069,0.055,0.027,0.029,0.035,0.043,0.037,0.022,0.051,0.037,0.031,0.022,0.037,0.037,0.012,0.016,0.025,0.016,0.014,0.008,0.01,0.016,0.012,0.004,0.045,0.033,0.014,0.012,0.039,0.057,0.031,0.008,0.016,0.016,0.004,0.014,0.008,0.01,0.01,0.014,0.029,0.02,0.012,0.008,0.012,0.022,0.008,0.012,0.01,0.01,0.004,0.002,0.012,0.008,0.004,0.004,0.016,0.012,0.006,0,0.016,0.018,0.002,0.006,0.016,0.012,0.004,0.004,0.004,0.008,0.01,0
YDL136W,RPL35B,0.943,768,3,360,405,368,38,-0.196,-0.194,0.013,-3.9,-2.4,83.495,89.197,58.074,0.353,0.321,0.183,0.143,0.134,0.092,0.067,0.062,0.101,0.116,0.052,0.052,0.062,0.074,0.032,0.012,0.057,0.04,0.03,0.017,0.055,0.03,0.037,0.012,0.035,0.027,0.015,0.015,0.027,0.017,0.017,0.005,0.022,0.015,0.017,0.007,0.037,0.037,0.015,0.012,0.03,0.055,0.015,0.017,0.017,0.02,0.007,0.005,0.017,0.017,0.01,0.007,0.015,0.007,0.012,0.027,0.025,0.025,0.012,0.012,0.007,0.022,0,0.002,0.007,0.002,0.002,0,0.027,0.017,0.002,0.01,0.012,0.01,0.01,0.007,0.007,0.015,0.007,0,0.01,0.005,0,0.002
YMR194W,RPL36A,0.947,766,16,287,463,434,30,-0.198,-0.203,-0.097,-1.9,-4.5,77.351,71.33,49.38,0.382,0.274,0.171,0.173,0.147,0.095,0.069,0.071,0.104,0.087,0.045,0.039,0.052,0.065,0.028,0.024,0.08,0.028,0.026,0.039,0.067,0.02,0.037,0.024,0.037,0.03,0.015,0.013,0.022,0.024,0.013,0.011,0.039,0.011,0.007,0.015,0.026,0.043,0.009,0.026,0.033,0.028,0.011,0.015,0.011,0.02,0.007,0.007,0.017,0.007,0.004,0.011,0.024,0.011,0.013,0.004,0.028,0.017,0.013,0.007,0.013,0.007,0.007,0.002,0.013,0.002,0.002,0.007,0.03,0.022,0.011,0.017,0.007,0.011,0.007,0.004,0.004,0.015,0.002,0.004,0.011,0.009,0.013,0.007
YPL249C-A,RPL36B,0.887,541,16,287,238,210,29,-0.181,-0.2,0.031,-3.5,-2.9,81.107,89.181,63.942,0.319,0.311,0.176,0.193,0.097,0.101,0.059,0.063,0.076,0.101,0.063,0.072,0.072,0.072,0.008,0.021,0.076,0.038,0.042,0.038,0.03,0.021,0.021,0.025,0.025,0.025,0.021,0.03,0.025,0.025,0.008,0,0.025,0,0.021,0.017,0.013,0.038,0.017,0.008,0.021,0.051,0.021,0.008,0.017,0.021,0,0.021,0.034,0.013,0.013,0.013,0.017,0.013,0.021,0.021,0.021,0.017,0.017,0.017,0.004,0.004,0,0,0.004,0.008,0.004,0.004,0.038,0.03,0,0.008,0.008,0.008,0.004,0.017,0.021,0.021,0,0,0.013,0.017,0.004,0.004
YLR185W,RPL37A,0.964,626,7,260,359,313,47,-0.17,-0.177,-0.106,-1,-6,60.848,83.005,80.092,0.384,0.265,0.201,0.15,0.145,0.087,0.095,0.059,0.095,0.078,0.05,0.042,0.061,0.078,0.025,0.034,0.084,0.022,0.028,0.017,0.05,0.022,0.042,0.031,0.031,0.022,0.028,0.006,0.034,0.028,0.017,0.017,0.028,0.008,0.017,0.006,0.036,0.034,0.014,0.011,0.031,0.025,0.008,0.014,0.011,0.025,0.003,0.008,0.025,0.008,0.003,0.006,0.025,0.017,0.014,0.006,0.025,0.022,0.011,0.02,0.008,0.011,0.003,0.003,0.017,0.006,0.006,0.006,0.034,0.014,0.025,0.011,0.008,0.008,0.003,0.003,0.006,0.014,0.003,0.006,0.014,0,0.003,0
YDR500C,RPL37B,0.99,656,7,260,389,355,35,-0.161,-0.167,-0.037,-0.6,-6.8,64.45,84.987,66.15,0.388,0.272,0.193,0.147,0.142,0.08,0.09,0.077,0.098,0.101,0.052,0.023,0.093,0.059,0.021,0.018,0.057,0.034,0.028,0.028,0.057,0.034,0.031,0.021,0.023,0.031,0.013,0.013,0.041,0.034,0.01,0.005,0.026,0.018,0.013,0.021,0.036,0.018,0.026,0.018,0.036,0.039,0.023,0.003,0.021,0.016,0.008,0.005,0.013,0.008,0,0.003,0.031,0.016,0.026,0.021,0.028,0.016,0.008,0.008,0.016,0,0,0.005,0.01,0,0.003,0.005,0.018,0.013,0.008,0.018,0.01,0.016,0.008,0,0.013,0.01,0.003,0.003,0.008,0.008,0.013,0
YJL189W,RPL39,0.96,542,6,150,386,331,56,-0.191,-0.189,-0.12,-3.6,-2.8,61.825,89.181,54.122,0.329,0.329,0.179,0.163,0.112,0.096,0.06,0.062,0.112,0.114,0.06,0.044,0.049,0.078,0.031,0.018,0.057,0.042,0.026,0.039,0.044,0.029,0.026,0.013,0.029,0.039,0.013,0.016,0.018,0.023,0.013,0.005,0.021,0.01,0.013,0.018,0.036,0.031,0.023,0.021,0.036,0.042,0.018,0.018,0.01,0.023,0.016,0.008,0.018,0.01,0.005,0.01,0.01,0.018,0.008,0.013,0.026,0.023,0.018,0.01,0.01,0.018,0.003,0,0.005,0.005,0.003,0.005,0.021,0.018,0.003,0.016,0.021,0.01,0.01,0,0.008,0.013,0,0.005,0.013,0.016,0.005,0.005
YIL148W,RPL40A,0.939,821,8,379,434,399,36,-0.183,-0.195,0,-4.3,-4.4,54.394,80.328,90.222,0.334,0.346,0.157,0.164,0.134,0.083,0.067,0.051,0.097,0.143,0.048,0.058,0.048,0.065,0.021,0.021,0.055,0.055,0.018,0.035,0.062,0.025,0.03,0.016,0.021,0.039,0.009,0.014,0.016,0.03,0.012,0.009,0.021,0.012,0.002,0.016,0.03,0.035,0.014,0.019,0.035,0.074,0.014,0.021,0.016,0.016,0.005,0.009,0.023,0.021,0.007,0.007,0.012,0.012,0.012,0.014,0.025,0.014,0.016,0.009,0.007,0.007,0.005,0.002,0.007,0.007,0.005,0.002,0.03,0.012,0.012,0.002,0.016,0.016,0.009,0.014,0.007,0.012,0,0,0.005,0.016,0.005,0.009
YKR094C,RPL40B,0.93,755,8,379,368,289,80,-0.186,-0.168,-0.186,-1.9,-1.5,93.683,84.417,55.306,0.351,0.326,0.171,0.152,0.136,0.101,0.054,0.06,0.109,0.12,0.052,0.046,0.046,0.071,0.019,0.033,0.06,0.035,0.044,0.014,0.063,0.025,0.027,0.022,0.041,0.038,0.014,0.008,0.011,0.027,0.005,0.011,0.022,0.003,0.025,0.011,0.038,0.036,0.011,0.025,0.036,0.044,0.022,0.019,0.011,0.027,0.005,0.005,0.016,0.016,0.011,0.003,0.019,0.011,0.011,0.005,0.027,0.022,0.008,0.014,0.005,0.005,0.003,0.005,0.019,0.008,0.005,0,0.016,0.03,0.005,0.008,0.005,0.016,0.008,0.005,0.016,0.011,0.005,0.011,0.003,0.008,0.003,0
YNL162W,RPL42A,0.783,833,4,317,512,476,37,-0.204,-0.214,-0.041,-2.8,0.8,81.609,99.43,71.139,0.338,0.32,0.166,0.176,0.125,0.092,0.055,0.067,0.106,0.11,0.039,0.067,0.061,0.061,0.025,0.018,0.047,0.059,0.045,0.025,0.051,0.037,0.018,0.02,0.037,0.016,0.014,0.025,0.014,0.022,0.014,0.006,0.018,0.022,0.02,0.008,0.033,0.033,0.024,0.016,0.029,0.053,0.01,0.018,0.014,0.016,0.002,0.006,0.012,0.025,0.016,0.014,0.018,0.012,0.01,0.022,0.025,0.014,0.008,0.014,0.014,0.006,0.006,0,0.006,0.004,0.006,0.002,0.024,0.01,0.004,0.01,0.014,0.027,0.008,0.01,0.018,0.018,0.004,0.006,0.012,0.008,0.004,0.002
YHR141C,RPL42B,0.911,762,4,317,441,395,47,-0.163,-0.155,-0.134,-0.4,-1.1,62.962,94.811,55.341,0.351,0.345,0.15,0.154,0.118,0.116,0.057,0.061,0.114,0.132,0.045,0.055,0.061,0.055,0.023,0.009,0.059,0.043,0.023,0.03,0.039,0.032,0.027,0.021,0.03,0.048,0.016,0.023,0.025,0.023,0.007,0.002,0.018,0.025,0.007,0.011,0.041,0.03,0.016,0.027,0.046,0.062,0.011,0.014,0.016,0.016,0.005,0.007,0.032,0.005,0.009,0.009,0.016,0.027,0.009,0.009,0.016,0.014,0.014,0.011,0.011,0.007,0.005,0,0.002,0.002,0.002,0.002,0.023,0.027,0.005,0.005,0.023,0.009,0.005,0.007,0.007,0.009,0.007,0,0.007,0.011,0.005,0.007
YPR043W,RPL43A,0.874,682,2,277,403,370,34,-0.209,-0.209,-0.006,-0.7,-2.2,65.515,99.43,71.756,0.337,0.325,0.189,0.149,0.1,0.092,0.087,0.06,0.112,0.122,0.045,0.047,0.057,0.07,0.037,0.022,0.07,0.042,0.017,0.02,0.032,0.012,0.04,0.015,0.047,0.022,0.012,0.01,0.025,0.027,0.02,0.015,0.025,0.017,0.01,0.007,0.032,0.037,0.027,0.015,0.035,0.057,0.01,0.02,0.015,0.017,0.005,0.005,0.02,0.01,0.007,0.01,0.012,0.022,0.01,0.012,0.022,0.017,0.017,0.012,0.015,0.012,0.01,0,0.01,0.01,0,0.002,0.022,0.02,0.01,0.017,0.007,0.025,0.005,0.005,0,0.012,0.002,0.002,0.015,0.005,0,0
YJR094W-A,RPL43B,0.706,554,2,277,275,242,34,-0.208,-0.2,0.029,-0.3,-4.9,58.932,100,80.39,0.316,0.327,0.225,0.131,0.088,0.095,0.073,0.062,0.113,0.128,0.055,0.033,0.077,0.069,0.058,0.018,0.04,0.036,0.036,0.018,0.022,0.026,0.022,0.018,0.044,0.026,0.015,0.011,0.022,0.022,0.022,0.007,0.011,0.011,0.022,0.018,0.04,0.033,0.026,0.015,0.026,0.07,0.026,0.007,0.026,0.007,0.015,0.004,0.018,0.011,0.004,0,0.015,0.029,0.018,0.015,0.026,0.026,0.011,0.007,0.018,0.026,0.015,0,0.004,0.007,0.007,0,0.011,0.007,0.007,0.015,0.018,0.007,0.004,0.007,0.007,0.015,0.007,0.007,0.007,0.007,0.004,0
YML073C,RPL6A,0.885,946,15,516,415,381,35,-0.171,-0.174,0.006,-1.7,-3.9,93.317,87.715,61.606,0.364,0.296,0.166,0.173,0.121,0.094,0.063,0.087,0.121,0.097,0.048,0.031,0.065,0.046,0.029,0.024,0.058,0.06,0.024,0.031,0.039,0.029,0.017,0.036,0.044,0.027,0.01,0.015,0.015,0.031,0.007,0.01,0.034,0.024,0.015,0.015,0.044,0.029,0.022,0.027,0.029,0.041,0.022,0.005,0.019,0.012,0.005,0.01,0.007,0.01,0.005,0.01,0.024,0.012,0.015,0.015,0.027,0.007,0.01,0.002,0.022,0,0.007,0,0.01,0.015,0,0,0.015,0.024,0.01,0.01,0.022,0.022,0.007,0.01,0.007,0.002,0.01,0.005,0.007,0.012,0.005,0.007
YLR448W,RPL6B,0.921,915,15,516,384,346,39,-0.183,-0.184,-0.167,-1.4,-5,75.205,85.855,25.836,0.401,0.258,0.19,0.151,0.159,0.102,0.078,0.063,0.104,0.06,0.05,0.044,0.07,0.073,0.029,0.016,0.068,0.023,0.031,0.029,0.071,0.034,0.029,0.026,0.039,0.018,0.026,0.018,0.018,0.031,0.021,0.008,0.021,0.016,0.013,0.013,0.037,0.031,0.021,0.016,0.018,0.026,0.005,0.01,0.024,0.018,0.003,0.003,0.018,0.005,0.01,0.01,0.021,0.024,0.021,0.005,0.034,0.01,0.016,0.013,0.013,0.013,0.003,0,0.016,0,0,0,0.031,0.013,0.008,0.016,0.013,0.005,0.003,0.003,0.013,0.01,0.003,0.005,0.013,0.003,0.008,0.005
YPR187W,RPO26,0.567,544,20,448,76,56,21,-0.13,-0.104,-0.057,-3.4,-3.8,54.854,91.811,50.502,0.276,0.434,0.171,0.118,0.053,0.133,0.04,0.053,0.147,0.173,0.067,0.053,0.04,0.093,0.013,0.013,0.04,0.04,0.04,0,0.014,0.027,0.014,0,0.041,0.054,0.014,0.027,0.014,0.014,0.014,0,0.014,0.027,0.014,0,0.027,0.068,0.014,0.041,0.081,0.054,0.014,0.027,0.014,0.027,0,0.014,0.027,0.014,0.014,0,0,0.014,0.014,0.014,0.014,0.041,0.041,0,0,0.014,0,0,0,0,0.014,0,0.014,0.027,0,0,0.014,0.027,0,0,0,0.041,0,0,0,0,0,0
YDL130W,RPP1B,0.643,622,114,207,301,243,59,-0.188,-0.187,-0.183,-5.5,-3.6,74.757,100,47.73,0.362,0.276,0.183,0.179,0.137,0.083,0.08,0.063,0.1,0.083,0.04,0.053,0.05,0.053,0.04,0.037,0.077,0.057,0.02,0.027,0.043,0.027,0.033,0.033,0.02,0.023,0.02,0.02,0.027,0.017,0.017,0.02,0.027,0.017,0.013,0.007,0.04,0.023,0.017,0.02,0.033,0.027,0.007,0.017,0.003,0.023,0,0.01,0.023,0.017,0.003,0.01,0.017,0.013,0.013,0.007,0.033,0.013,0.007,0,0.01,0.007,0.02,0.003,0.023,0.007,0.003,0.003,0.037,0.02,0.017,0.003,0.013,0.02,0.007,0.017,0.007,0.007,0.003,0.003,0.003,0.017,0,0.007
YGR214W,RPS0A,0.877,1214,90,669,455,429,27,-0.158,-0.16,0.122,-3.3,-6.4,78.586,85.285,64.985,0.345,0.345,0.141,0.169,0.137,0.095,0.051,0.064,0.112,0.145,0.044,0.044,0.048,0.053,0.015,0.022,0.048,0.053,0.029,0.04,0.051,0.033,0.031,0.022,0.035,0.031,0.015,0.013,0.013,0.024,0.004,0.009,0.015,0.024,0.004,0.02,0.051,0.035,0.009,0.018,0.044,0.064,0.02,0.018,0.015,0.018,0.007,0.002,0.013,0.013,0.011,0.007,0.009,0.013,0.007,0.02,0.018,0.02,0.009,0.007,0.004,0.004,0.002,0.004,0.007,0.004,0.002,0.009,0.026,0.013,0.004,0.004,0.015,0.031,0,0.007,0.013,0.007,0.002,0.007,0.013,0.011,0.011,0.004
YLR048W,RPS0B,0.779,1118,90,669,359,330,30,-0.175,-0.189,0.08,-3.3,-1.8,71.067,87.947,61.599,0.354,0.304,0.184,0.159,0.12,0.098,0.084,0.053,0.115,0.101,0.045,0.045,0.064,0.042,0.045,0.031,0.056,0.064,0.008,0.031,0.042,0.025,0.039,0.014,0.045,0.031,0.017,0.006,0.034,0.017,0.02,0.014,0.022,0.02,0.003,0.008,0.034,0.042,0.022,0.017,0.034,0.042,0.008,0.017,0.008,0.014,0.017,0.003,0.017,0.02,0.003,0.006,0.022,0.017,0.017,0.008,0.025,0.008,0.006,0.003,0.02,0.008,0.008,0.008,0.014,0.008,0,0.008,0.022,0.014,0.006,0.014,0.011,0.02,0.014,0.02,0,0.003,0,0.006,0.003,0.017,0.003,0.008
YOR293W,RPS10A,0.876,755,52,266,437,368,70,-0.232,-0.222,-0.169,-3,-4.5,89.496,91.811,87.294,0.336,0.293,0.197,0.174,0.089,0.092,0.083,0.073,0.106,0.103,0.048,0.037,0.064,0.05,0.041,0.039,0.078,0.048,0.023,0.025,0.028,0.014,0.03,0.018,0.034,0.028,0.021,0.009,0.025,0.018,0.023,0.016,0.034,0.018,0.011,0.009,0.016,0.039,0.025,0.025,0.023,0.051,0.011,0.018,0.014,0.014,0.009,0.009,0.011,0.016,0,0.009,0.025,0.011,0.016,0.011,0.03,0.005,0.011,0.005,0.014,0.011,0.005,0.011,0.021,0.005,0.009,0.005,0.021,0.028,0.011,0.018,0.018,0.021,0.005,0.005,0.009,0.007,0.005,0.002,0.011,0.009,0.002,0.002
YMR230W,RPS10B,0.865,728,52,266,410,371,40,-0.182,-0.182,-0.065,-3.9,-8.3,89.496,94.811,34.109,0.373,0.312,0.176,0.139,0.147,0.088,0.078,0.061,0.132,0.115,0.044,0.022,0.056,0.066,0.02,0.032,0.039,0.044,0.032,0.024,0.061,0.02,0.042,0.025,0.034,0.034,0.012,0.007,0.02,0.032,0.012,0.015,0.015,0.017,0.022,0.007,0.042,0.042,0.027,0.022,0.047,0.044,0.012,0.012,0.02,0.01,0.005,0.007,0.01,0.002,0.005,0.005,0.029,0.012,0.005,0.01,0.027,0.025,0.015,0,0.007,0.007,0,0.005,0.007,0.007,0.005,0.012,0.015,0.015,0.005,0.005,0.025,0.012,0.005,0.002,0.007,0.017,0.002,0.005,0.007,0.017,0,0
YDR025W,RPS11A,0.703,810,45,426,339,316,24,-0.182,-0.194,0.092,-3.3,0.7,68.851,68.657,56.842,0.316,0.378,0.168,0.139,0.107,0.118,0.056,0.036,0.109,0.169,0.047,0.053,0.05,0.056,0.03,0.03,0.05,0.036,0.033,0.021,0.036,0.033,0.027,0.012,0.033,0.053,0.018,0.015,0.012,0.024,0.006,0.015,0.009,0.015,0.009,0.003,0.039,0.036,0.024,0.012,0.05,0.074,0.018,0.027,0.009,0.015,0.012,0.009,0.024,0.012,0.006,0.012,0.015,0.027,0.003,0.006,0.015,0.03,0.003,0.009,0.015,0.003,0.006,0.006,0.009,0.003,0.012,0.006,0.018,0.024,0.003,0.006,0.012,0.012,0.009,0.003,0.012,0.015,0.006,0,0.009,0.006,0.006,0
YBR048W,RPS11B,0.904,982,45,426,511,492,20,-0.208,-0.195,0.08,-4.4,-1.6,69.534,99.43,57.563,0.382,0.282,0.174,0.162,0.145,0.092,0.08,0.065,0.108,0.1,0.041,0.033,0.065,0.049,0.029,0.029,0.065,0.041,0.022,0.035,0.047,0.037,0.039,0.022,0.031,0.028,0.024,0.01,0.02,0.031,0.018,0.012,0.02,0.022,0.006,0.018,0.047,0.028,0.016,0.018,0.033,0.045,0.014,0.008,0.022,0.006,0.008,0.004,0.014,0.004,0.006,0.01,0.026,0.008,0.018,0.014,0.029,0.008,0.004,0.008,0.016,0.004,0.002,0.008,0.014,0.008,0.002,0.006,0.026,0.02,0.008,0.012,0.014,0.02,0,0.008,0.006,0.008,0.002,0.006,0.018,0.008,0.008,0.002
YDR064W,RPS13,0.583,995,21,435,539,486,54,-0.258,-0.257,-0.12,-4.8,-2,61.884,89.181,69.35,0.319,0.341,0.171,0.169,0.097,0.106,0.054,0.063,0.113,0.119,0.056,0.054,0.05,0.059,0.033,0.026,0.059,0.058,0.026,0.026,0.024,0.03,0.024,0.019,0.037,0.037,0.013,0.019,0.011,0.017,0.02,0.006,0.028,0.019,0.006,0.011,0.043,0.035,0.017,0.019,0.039,0.041,0.026,0.013,0.02,0.02,0.009,0.004,0.019,0.022,0.009,0.004,0.013,0.017,0.011,0.009,0.024,0.013,0.009,0.013,0.007,0.015,0.002,0.009,0.006,0.009,0.002,0.009,0.017,0.024,0.002,0.017,0.013,0.028,0.007,0.009,0.009,0.007,0.002,0.007,0.007,0.007,0.009,0.002
YCR031C,RPS14A,0.938,721,7,407,307,258,50,-0.205,-0.207,-0.154,-3.5,-1.6,72.518,83.225,55.854,0.342,0.352,0.156,0.15,0.127,0.082,0.065,0.069,0.114,0.15,0.056,0.033,0.049,0.065,0.01,0.029,0.052,0.056,0.023,0.02,0.056,0.023,0.023,0.026,0.03,0.023,0.013,0.016,0.016,0.023,0.007,0.02,0.023,0.023,0.013,0.01,0.023,0.03,0.03,0.033,0.056,0.069,0.02,0.007,0.016,0.026,0,0.01,0.016,0.01,0,0.007,0.026,0.013,0.003,0.007,0.016,0.036,0.01,0.003,0,0.01,0,0,0.013,0.01,0.003,0.003,0.023,0.016,0.01,0.003,0.013,0.023,0.013,0.007,0.013,0.007,0.003,0,0,0.013,0.007,0
YMR143W,RPS16A,0.705,976,24,408,544,505,40,-0.21,-0.211,-0.015,-2.9,-4.8,77.902,89.181,50.011,0.353,0.305,0.184,0.158,0.138,0.081,0.063,0.072,0.101,0.107,0.061,0.037,0.072,0.061,0.028,0.022,0.042,0.057,0.031,0.028,0.05,0.033,0.026,0.03,0.026,0.017,0.026,0.013,0.024,0.02,0.009,0.009,0.018,0.022,0.013,0.018,0.041,0.02,0.02,0.02,0.039,0.041,0.02,0.007,0.024,0.024,0.006,0.006,0.015,0.013,0.004,0.006,0.03,0.009,0.015,0.018,0.024,0.024,0.006,0.007,0.011,0.009,0.006,0.002,0.006,0.006,0.007,0.004,0.018,0.018,0.002,0.004,0.013,0.026,0.009,0.009,0.011,0.007,0.007,0.006,0.004,0.017,0.007,0
YDL083C,RPS16B,0.774,864,24,408,432,391,42,-0.226,-0.22,-0.105,0.4,-1.8,75.893,99.43,71.962,0.317,0.333,0.19,0.16,0.107,0.074,0.07,0.067,0.097,0.146,0.056,0.035,0.053,0.07,0.039,0.026,0.06,0.044,0.023,0.032,0.026,0.035,0.033,0.014,0.03,0.028,0.012,0.005,0.021,0.023,0.014,0.012,0.019,0.026,0.009,0.014,0.044,0.021,0.014,0.019,0.04,0.074,0.019,0.014,0.016,0.023,0.009,0.005,0.009,0.012,0.005,0.009,0.016,0.009,0.016,0.012,0.021,0.023,0.019,0.007,0.009,0.009,0.014,0.007,0.014,0.002,0.007,0.002,0.021,0.009,0.007,0.023,0.007,0.021,0.007,0.009,0.005,0.014,0.002,0.002,0.019,0.005,0.002,0.007
YML024W,RPS17A,0.77,809,3,408,398,340,59,-0.219,-0.226,-0.164,-2.8,-2.2,94.616,93.474,62.303,0.324,0.337,0.198,0.141,0.108,0.096,0.063,0.058,0.113,0.123,0.058,0.043,0.053,0.081,0.038,0.025,0.05,0.038,0.038,0.015,0.043,0.033,0.018,0.015,0.051,0.02,0.013,0.013,0.008,0.023,0.02,0.013,0.023,0.018,0.013,0.005,0.03,0.038,0.023,0.023,0.028,0.058,0.02,0.018,0.03,0.018,0.003,0.005,0.015,0.013,0.01,0.005,0.02,0.01,0.01,0.013,0.028,0.033,0.015,0.005,0.01,0.02,0.005,0.003,0.008,0.005,0.008,0.005,0.015,0.015,0.013,0.008,0.008,0.013,0.01,0.008,0.003,0.02,0.01,0.005,0.005,0.003,0.008,0
YDR447C,RPS17B,0.677,725,3,408,314,277,38,-0.191,-0.213,-0.021,-3.7,-2.4,68.626,91.811,70.117,0.318,0.293,0.239,0.15,0.083,0.08,0.099,0.058,0.102,0.109,0.038,0.045,0.086,0.07,0.054,0.026,0.048,0.035,0.045,0.022,0.022,0.013,0.032,0.016,0.013,0.042,0.016,0.01,0.038,0.038,0.013,0.01,0.01,0.01,0.019,0.019,0.019,0.035,0.032,0.016,0.045,0.032,0.016,0.016,0.013,0.006,0.01,0.006,0.016,0.016,0.013,0,0.026,0.019,0.029,0.013,0.035,0.026,0,0.01,0.016,0.016,0.019,0.003,0.01,0.003,0.01,0.003,0.016,0.013,0.006,0.013,0.01,0.01,0.006,0.01,0.016,0.01,0.013,0.006,0.013,0.006,0.003,0
YDR450W,RPS18A,0.767,876,47,394,435,390,46,-0.208,-0.217,-0.087,-0.7,-1.3,81.516,84.417,64.116,0.336,0.308,0.186,0.17,0.131,0.094,0.055,0.055,0.113,0.115,0.039,0.041,0.035,0.058,0.046,0.046,0.058,0.041,0.044,0.028,0.046,0.042,0.023,0.021,0.028,0.037,0.009,0.021,0.007,0.025,0.016,0.007,0.023,0.012,0.014,0.007,0.046,0.035,0.014,0.018,0.042,0.051,0.014,0.009,0.007,0.007,0.009,0.014,0.012,0.007,0.018,0.005,0.018,0.005,0.005,0.007,0.028,0.014,0.009,0.007,0.009,0.014,0.005,0.018,0.014,0.012,0.009,0.012,0.021,0.014,0.014,0.009,0.016,0.014,0.007,0.005,0.009,0.012,0.016,0.007,0.009,0.012,0.002,0.005
YML026C,RPS18B,0.944,842,47,394,401,361,41,-0.188,-0.192,-0.144,-4.6,-1.2,81.516,94.811,15.617,0.354,0.304,0.172,0.17,0.125,0.1,0.06,0.07,0.12,0.098,0.055,0.033,0.048,0.065,0.02,0.037,0.062,0.043,0.035,0.03,0.05,0.03,0.023,0.023,0.043,0.03,0.013,0.015,0.015,0.02,0.008,0.018,0.028,0.02,0.008,0.015,0.058,0.028,0.018,0.018,0.04,0.035,0.018,0.005,0.02,0.02,0.005,0.008,0.015,0.005,0.008,0.005,0.008,0.008,0.015,0.018,0.03,0.018,0.018,0,0.003,0.01,0.005,0.003,0.015,0.008,0.01,0.005,0.01,0.035,0.005,0.013,0.008,0.015,0.008,0.013,0.008,0.015,0.003,0.01,0.005,0.01,0.01,0.005
YOL121C,RPS19A,0.508,825,20,415,390,355,36,-0.17,-0.173,-0.025,-3.4,-3.6,64.183,100,60.587,0.341,0.346,0.174,0.138,0.126,0.1,0.054,0.062,0.118,0.129,0.064,0.036,0.054,0.067,0.028,0.023,0.044,0.051,0.026,0.018,0.044,0.039,0.018,0.026,0.039,0.028,0.021,0.013,0.013,0.023,0.01,0.008,0.013,0.023,0.018,0.008,0.044,0.034,0.021,0.021,0.036,0.057,0.023,0.013,0.021,0.021,0.013,0.008,0.018,0.01,0.005,0.003,0.021,0.013,0.01,0.01,0.031,0.018,0.013,0.005,0.008,0.015,0.005,0,0.01,0.008,0.003,0.003,0.018,0.015,0.005,0.005,0.013,0.026,0.008,0.005,0.01,0.008,0,0.008,0.003,0.01,0,0.005
YNL302C,RPS19B,0.915,986,20,415,551,517,35,-0.183,-0.183,-0.1,-3.9,-5.4,63.499,100,56.749,0.356,0.31,0.194,0.14,0.131,0.08,0.091,0.055,0.104,0.129,0.044,0.035,0.065,0.071,0.033,0.024,0.056,0.031,0.025,0.027,0.04,0.027,0.04,0.024,0.024,0.033,0.013,0.011,0.026,0.031,0.02,0.015,0.011,0.016,0.016,0.011,0.038,0.026,0.02,0.02,0.051,0.056,0.016,0.005,0.013,0.013,0.009,0.007,0.018,0.011,0.002,0.004,0.024,0.013,0.026,0.004,0.024,0.022,0.013,0.013,0.015,0.015,0.004,0,0.013,0,0.002,0.009,0.029,0.015,0.005,0.007,0.005,0.018,0.002,0.005,0.011,0.013,0,0.002,0.015,0.004,0.005,0.004
YKR057W,RPS21A,0.947,586,24,240,322,301,22,-0.19,-0.195,0.023,-1.5,-3.8,80.011,70.576,53.608,0.366,0.298,0.158,0.177,0.143,0.087,0.053,0.084,0.109,0.103,0.044,0.044,0.05,0.062,0.022,0.022,0.065,0.047,0.037,0.028,0.053,0.037,0.022,0.031,0.031,0.028,0.016,0.013,0.019,0.013,0.009,0.013,0.025,0.019,0.025,0.016,0.037,0.025,0.019,0.028,0.022,0.05,0.019,0.013,0.006,0.025,0.006,0.003,0.019,0.016,0.006,0.003,0.025,0.009,0.006,0.009,0.037,0.006,0.009,0.009,0.006,0.013,0,0.003,0.006,0.006,0,0.009,0.028,0.016,0.006,0.016,0.019,0.019,0,0.009,0.016,0.013,0.006,0.003,0.016,0.006,0.006,0
YJL136C,RPS21B,0.929,724,24,240,460,434,27,-0.197,-0.208,0,-0.5,-1.7,64.463,82.435,72.565,0.374,0.285,0.198,0.143,0.142,0.094,0.068,0.072,0.105,0.094,0.054,0.033,0.074,0.059,0.044,0.02,0.054,0.039,0.031,0.02,0.044,0.039,0.031,0.028,0.037,0.031,0.015,0.011,0.037,0.011,0.013,0.007,0.028,0.015,0.017,0.011,0.048,0.017,0.011,0.028,0.033,0.037,0.013,0.011,0.017,0.015,0.013,0.007,0.015,0.013,0.002,0.002,0.037,0.015,0.011,0.011,0.02,0.009,0.024,0.007,0.009,0.024,0.011,0,0.004,0.002,0.011,0.002,0.013,0.022,0.015,0.004,0.015,0.017,0.002,0.004,0.009,0.009,0.007,0.007,0.007,0.009,0,0.004
YGR118W,RPS23A,0.862,757,65,373,319,297,23,-0.199,-0.202,0.091,-3.3,-4,76.89,89.197,83.094,0.332,0.326,0.179,0.163,0.138,0.082,0.053,0.06,0.088,0.132,0.063,0.044,0.06,0.057,0.038,0.022,0.047,0.057,0.022,0.038,0.069,0.028,0.022,0.019,0.028,0.028,0.009,0.016,0.006,0.028,0.019,0,0.019,0.028,0.003,0.009,0.035,0.035,0.009,0.009,0.025,0.073,0.019,0.016,0.028,0.016,0.006,0.009,0.013,0.013,0.009,0.009,0.009,0.013,0.016,0.022,0.013,0.013,0.025,0.006,0.016,0.013,0,0.009,0.009,0.006,0.003,0.003,0.025,0.006,0.006,0.009,0.022,0.019,0.009,0.006,0.006,0,0.013,0.003,0.006,0.009,0.006,0.016
YPR132W,RPS23B,0.945,803,65,373,365,305,61,-0.173,-0.171,-0.161,0.3,-3.8,78.194,100,53.446,0.373,0.31,0.189,0.129,0.151,0.082,0.085,0.055,0.104,0.126,0.036,0.044,0.077,0.063,0.036,0.011,0.041,0.038,0.03,0.019,0.05,0.03,0.055,0.017,0.019,0.028,0.014,0.022,0.03,0.036,0.014,0.006,0.014,0.019,0.006,0.017,0.047,0.019,0.017,0.022,0.044,0.058,0.014,0.011,0.017,0.008,0.006,0.003,0.019,0.011,0.011,0.003,0.039,0.017,0.014,0.008,0.025,0.03,0.003,0.006,0.019,0.006,0.008,0.003,0.003,0.006,0.003,0,0.017,0.017,0,0.008,0.017,0.011,0.006,0.006,0.008,0.014,0.008,0,0.006,0.003,0.011,0
YER074W,RPS24A,0.945,874,3,405,466,424,43,-0.162,-0.166,-0.077,-2.2,-1.9,94.616,100,60.007,0.361,0.311,0.163,0.165,0.161,0.095,0.054,0.052,0.099,0.12,0.047,0.045,0.054,0.056,0.03,0.022,0.047,0.041,0.03,0.047,0.069,0.045,0.028,0.019,0.022,0.032,0.017,0.024,0.019,0.017,0.013,0.004,0.011,0.015,0.009,0.017,0.037,0.034,0.011,0.017,0.034,0.06,0.019,0.006,0.013,0.013,0.009,0.011,0.015,0.006,0.015,0.009,0.032,0.006,0.006,0.009,0.026,0.015,0.009,0.006,0.013,0.017,0,0,0.009,0.004,0.002,0.006,0.024,0.009,0.009,0.006,0.017,0.013,0.002,0.009,0.006,0.009,0.009,0.006,0.013,0.015,0.004,0.015
YIL069C,RPS24B,0.779,817,3,405,409,352,58,-0.201,-0.189,-0.195,-2,-2.3,69.612,79.229,84.071,0.345,0.323,0.183,0.149,0.147,0.093,0.051,0.054,0.091,0.118,0.059,0.056,0.054,0.071,0.037,0.02,0.054,0.042,0.034,0.02,0.066,0.034,0.022,0.025,0.025,0.029,0.025,0.015,0.022,0.015,0.01,0.005,0.022,0.01,0.01,0.012,0.039,0.029,0.015,0.007,0.047,0.042,0.02,0.01,0.012,0.022,0.015,0.007,0.017,0.017,0.02,0.002,0.022,0.01,0.007,0.015,0.012,0.02,0.012,0.027,0.005,0.017,0.007,0.007,0.012,0.002,0.002,0.002,0.02,0.02,0.007,0.007,0.007,0.027,0.002,0.005,0.012,0.017,0.005,0,0.002,0.012,0.002,0.002
YKL156W,RPS27A,0.818,600,3,246,351,318,34,-0.199,-0.186,-0.053,-5.2,-1.6,94.616,89.197,49.513,0.365,0.279,0.211,0.145,0.126,0.086,0.086,0.069,0.1,0.094,0.046,0.04,0.089,0.06,0.04,0.02,0.051,0.04,0.037,0.017,0.046,0.014,0.037,0.029,0.037,0.02,0.011,0.017,0.037,0.02,0.023,0.006,0.023,0.014,0.02,0.011,0.026,0.037,0.023,0.014,0.034,0.032,0.017,0.011,0.02,0.011,0.006,0.006,0.017,0.014,0.009,0,0.034,0.017,0.017,0.02,0.026,0.014,0.011,0.009,0.014,0.017,0.006,0.003,0.003,0.006,0.009,0.003,0.02,0.017,0.009,0.006,0.003,0.029,0.006,0.003,0.014,0.011,0.006,0.006,0.009,0.006,0,0.003
YHR021C,RPS27B,0.948,799,3,246,550,495,56,-0.216,-0.215,-0.111,-2.8,-2.9,77.665,94.241,79.066,0.36,0.304,0.193,0.144,0.148,0.078,0.084,0.051,0.097,0.113,0.042,0.053,0.071,0.066,0.036,0.018,0.046,0.047,0.029,0.022,0.058,0.031,0.036,0.022,0.026,0.02,0.016,0.016,0.035,0.027,0.02,0.002,0.018,0.015,0.016,0.002,0.036,0.022,0.024,0.015,0.029,0.058,0.013,0.013,0.011,0.015,0.007,0.007,0.016,0.018,0.005,0.013,0.029,0.015,0.016,0.011,0.026,0.015,0.011,0.015,0.011,0.013,0.005,0.007,0.005,0.005,0.004,0.004,0.024,0.011,0.007,0.004,0.016,0.02,0.002,0.009,0.013,0.011,0.004,0.002,0.005,0.009,0.004,0.004
YLR287C-A,RPS30A,0.898,622,3,189,430,391,40,-0.192,-0.2,-0.013,-2.6,-0.6,66.72,92.904,78.934,0.377,0.326,0.163,0.135,0.152,0.107,0.065,0.054,0.117,0.135,0.035,0.04,0.056,0.051,0.028,0.026,0.054,0.033,0.033,0.016,0.068,0.042,0.026,0.016,0.051,0.04,0.007,0.009,0.019,0.026,0.014,0.007,0.021,0.016,0.012,0.005,0.051,0.037,0.009,0.019,0.04,0.065,0.016,0.014,0.012,0.007,0.005,0.009,0.014,0.007,0.012,0.007,0.009,0.014,0.021,0.012,0.016,0.016,0.007,0.012,0.012,0.012,0.002,0.002,0.014,0.005,0.005,0.002,0.023,0.014,0.009,0.007,0.009,0.014,0.005,0.005,0.012,0.007,0.007,0.007,0.005,0.005,0.005,0.002
YOR182C,RPS30B,0.928,603,3,189,411,371,41,-0.182,-0.187,-0.088,-2,0.4,76.145,94.241,45.213,0.394,0.311,0.153,0.141,0.183,0.095,0.068,0.049,0.115,0.112,0.046,0.039,0.051,0.059,0.02,0.022,0.046,0.046,0.017,0.032,0.088,0.039,0.039,0.017,0.037,0.032,0.02,0.007,0.022,0.022,0.015,0.01,0.017,0.017,0.002,0.012,0.051,0.029,0.015,0.02,0.042,0.046,0.015,0.01,0.007,0.024,0.002,0.01,0.012,0.012,0.005,0.01,0.027,0.015,0.005,0.005,0.024,0.02,0.005,0.01,0.017,0,0.002,0,0.015,0.002,0.005,0,0.017,0.012,0.01,0.007,0.012,0.015,0.007,0.012,0.002,0.012,0,0.002,0.002,0.015,0.005,0.01
YJR145C,RPS4A,0.839,1042,14,772,256,174,83,-0.162,-0.153,-0.116,-3,-3.3,71.281,84.987,61.742,0.355,0.34,0.156,0.148,0.122,0.09,0.078,0.067,0.114,0.149,0.043,0.035,0.055,0.059,0.02,0.02,0.067,0.043,0.012,0.027,0.039,0.024,0.028,0.031,0.028,0.035,0.02,0.008,0.024,0.028,0.016,0.012,0.031,0.016,0.008,0.012,0.039,0.028,0.024,0.024,0.043,0.083,0.008,0.016,0.016,0.02,0,0.004,0.012,0.016,0,0.008,0.016,0.016,0.016,0.008,0.031,0.016,0.004,0.008,0.008,0.008,0.004,0,0.016,0,0,0.004,0.028,0.024,0.012,0.004,0.012,0.016,0.012,0.004,0.004,0.004,0,0.004,0.008,0.012,0.004,0.004
YHR203C,RPS4B,0.904,1055,14,772,269,228,42,-0.187,-0.18,-0.083,-4.5,-2.7,63.142,100,66.251,0.353,0.323,0.201,0.123,0.127,0.097,0.09,0.041,0.104,0.119,0.06,0.041,0.075,0.075,0.03,0.019,0.049,0.034,0.019,0.022,0.041,0.041,0.026,0.019,0.041,0.022,0.019,0.015,0.041,0.03,0.011,0.007,0.015,0.007,0.011,0.007,0.026,0.026,0.041,0.011,0.026,0.052,0.03,0.011,0.026,0.019,0.007,0.004,0.011,0.019,0,0.011,0.045,0.011,0.015,0.004,0.026,0.03,0.011,0.007,0,0.015,0.007,0.007,0.011,0,0.007,0,0.015,0.019,0.007,0.007,0.011,0.015,0,0.007,0.004,0.011,0.004,0,0.011,0.007,0,0.004
YPL090C,RPS6A,0.921,1105,6,705,394,357,38,-0.166,-0.173,-0.092,-5.4,-1.6,61.691,93.474,61.701,0.381,0.317,0.168,0.135,0.15,0.107,0.069,0.056,0.097,0.13,0.046,0.046,0.069,0.053,0.028,0.015,0.066,0.028,0.023,0.018,0.059,0.036,0.036,0.02,0.041,0.033,0.013,0.02,0.033,0.026,0.01,0,0.023,0.013,0.013,0.008,0.036,0.036,0.01,0.015,0.036,0.059,0.018,0.018,0.018,0.01,0.003,0.013,0.028,0.01,0.003,0.005,0.026,0.013,0.015,0.015,0.018,0.02,0.01,0.005,0.005,0.013,0.008,0.003,0.003,0.003,0.008,0.003,0.031,0.023,0.008,0.005,0.003,0.018,0.005,0.003,0.01,0.005,0.008,0,0.013,0.003,0,0.003
YBR181C,RPS6B,0.954,1063,6,705,352,330,23,-0.189,-0.191,0.048,-2.2,-1.2,88.245,100,61.05,0.386,0.273,0.173,0.168,0.171,0.1,0.066,0.051,0.097,0.085,0.043,0.048,0.048,0.043,0.04,0.04,0.071,0.046,0.023,0.028,0.066,0.043,0.04,0.023,0.037,0.029,0.017,0.017,0.017,0.014,0.023,0.011,0.023,0.014,0.009,0.006,0.054,0.031,0.011,0,0.031,0.023,0.02,0.011,0.006,0.017,0.006,0.011,0.014,0.014,0.011,0.009,0.023,0.011,0.003,0.011,0.014,0.014,0.003,0.011,0.017,0.009,0.006,0.009,0.02,0.011,0.003,0.006,0.029,0.014,0.011,0.017,0.014,0.02,0.003,0.009,0.006,0.003,0.006,0.009,0.014,0.006,0,0.009
YOR096W,RPS7A,0.798,974,144,429,401,369,33,-0.222,-0.227,0.048,-3.7,-1.5,86.811,87.947,69.48,0.352,0.309,0.17,0.17,0.14,0.1,0.058,0.055,0.092,0.1,0.052,0.065,0.065,0.048,0.033,0.022,0.055,0.062,0.025,0.028,0.048,0.035,0.028,0.03,0.033,0.028,0.013,0.028,0.023,0.015,0.015,0.005,0.01,0.025,0.008,0.013,0.033,0.03,0.015,0.015,0.02,0.04,0.02,0.02,0.02,0.018,0.008,0.005,0.025,0.018,0.008,0.015,0.04,0.013,0.005,0.008,0.018,0.01,0.01,0.01,0.013,0.008,0.005,0.008,0.01,0.008,0.005,0,0.02,0.023,0.01,0.003,0.023,0.023,0.01,0.008,0.008,0.008,0.005,0.005,0.01,0.013,0.005,0
YNL096C,RPS7B,0.582,918,144,429,345,310,36,-0.209,-0.198,-0.014,-0.8,-2.3,86.811,81.562,52.967,0.33,0.325,0.186,0.159,0.134,0.073,0.073,0.052,0.087,0.137,0.055,0.047,0.07,0.07,0.02,0.023,0.041,0.047,0.035,0.038,0.052,0.023,0.035,0.023,0.023,0.023,0.017,0.009,0.02,0.032,0.006,0.015,0.006,0.02,0.015,0.012,0.035,0.029,0.015,0.009,0.032,0.055,0.023,0.026,0.02,0.023,0.006,0.003,0.009,0.015,0.009,0.015,0.026,0.009,0.02,0.015,0.023,0.029,0.009,0.009,0.009,0.006,0.006,0,0.009,0.006,0.006,0.003,0.02,0.012,0.003,0.006,0.009,0.029,0.006,0.003,0.017,0.009,0.003,0.006,0.017,0.006,0.006,0.009
YBR189W,RPS9B,0.721,1001,7,581,413,382,32,-0.2,-0.207,0.05,-3.2,-2,54.44,78.371,80.15,0.308,0.344,0.169,0.179,0.08,0.097,0.073,0.058,0.104,0.143,0.032,0.066,0.056,0.041,0.046,0.024,0.068,0.063,0.017,0.032,0.017,0.019,0.027,0.017,0.034,0.034,0.015,0.015,0.019,0.029,0.017,0.007,0.027,0.015,0.007,0.01,0.034,0.041,0.012,0.017,0.036,0.071,0.012,0.024,0.01,0.002,0.007,0.01,0.032,0.022,0,0.012,0.012,0.015,0.017,0.012,0.012,0.019,0.002,0.007,0.017,0.005,0.017,0.007,0.005,0.01,0.005,0.005,0.017,0.022,0.017,0.012,0.022,0.019,0.002,0.019,0.007,0.005,0.005,0,0.005,0.017,0.005,0.005
YOL048C,RRT8,0.569,1107,285,744,78,49,30,-0.119,-0.12,0.003,-1.8,-3.9,44.792,72.612,36.179,0.269,0.487,0.154,0.09,0.052,0.13,0.052,0.039,0.13,0.26,0.078,0.026,0.026,0.104,0,0.013,0.065,0,0.013,0.013,0,0.053,0,0,0.026,0.053,0.039,0.013,0,0.053,0,0,0.026,0,0.013,0,0.013,0.053,0.026,0.039,0.066,0.145,0.039,0.013,0.013,0.039,0,0.013,0.026,0,0,0,0.013,0.013,0,0,0.039,0.066,0,0,0,0,0,0,0,0,0,0.013,0.026,0.013,0.026,0,0,0,0,0,0,0.013,0,0,0.013,0,0,0
YDR129C,SAC6,0.382,2040,21,1908,111,92,20,-0.116,-0.14,0.065,-0.6,-2.1,82.731,93.474,36.495,0.279,0.36,0.153,0.207,0.1,0.091,0.036,0.055,0.064,0.145,0.064,0.091,0.045,0.064,0.009,0.027,0.073,0.064,0.036,0.036,0.046,0.028,0.018,0.009,0.028,0.018,0.028,0.018,0,0.018,0,0.018,0.028,0.009,0.009,0.009,0.018,0.028,0.009,0.009,0.018,0.073,0.028,0.028,0.018,0.018,0.009,0.009,0.028,0.037,0.009,0.018,0.009,0.018,0.009,0.009,0.018,0.009,0.009,0.028,0.009,0,0,0,0.009,0.009,0.009,0,0.028,0.018,0,0.028,0,0.046,0,0.018,0.009,0.028,0,0,0.009,0.009,0.009,0.009
YPL218W,SAR1,0.407,712,28,545,139,121,19,-0.145,-0.157,0.053,-6.1,-3.8,64.359,91.811,58.701,0.245,0.46,0.144,0.151,0.065,0.101,0.036,0.043,0.08,0.246,0.072,0.065,0.043,0.058,0.014,0.022,0.058,0.058,0.014,0.022,0.015,0.022,0.022,0.007,0.007,0.051,0.022,0.022,0.022,0.007,0.007,0,0.015,0.029,0,0,0.022,0.036,0.015,0.007,0.036,0.146,0.036,0.029,0.007,0.036,0.007,0.015,0.029,0.015,0.007,0.015,0.015,0.015,0,0.015,0.022,0.015,0.007,0.015,0,0.007,0,0.007,0.007,0.007,0.007,0,0.015,0.029,0,0.015,0.015,0.036,0.007,0,0.007,0.007,0,0,0.007,0.007,0,0.007
YMR079W,SEC14,0.695,1071,9,906,156,117,40,-0.146,-0.142,-0.092,-2.4,-0.6,71.914,100,49.893,0.314,0.423,0.122,0.141,0.09,0.11,0.039,0.077,0.116,0.187,0.058,0.065,0.039,0.071,0.006,0,0.071,0.058,0.013,0,0.032,0.019,0.006,0.032,0.045,0.032,0.013,0.019,0.006,0.032,0,0,0.039,0.032,0.006,0,0.026,0.058,0.013,0.019,0.039,0.084,0.026,0.039,0.019,0.026,0.006,0,0.032,0.026,0.006,0,0.019,0.013,0,0.006,0.026,0.026,0.013,0.006,0,0.006,0,0,0,0,0,0,0.013,0.019,0.019,0.019,0.006,0.045,0.006,0,0.006,0.006,0,0,0,0,0,0
YGL137W,SEC27,0.069,2870,18,2652,200,129,72,-0.174,-0.194,-0.108,-5.2,-1.9,100,78.948,56.742,0.33,0.3,0.185,0.185,0.121,0.07,0.07,0.07,0.095,0.126,0.03,0.05,0.06,0.07,0.015,0.035,0.055,0.035,0.065,0.03,0.04,0.015,0.03,0.035,0.015,0.035,0.01,0.01,0.02,0.025,0.01,0.015,0.035,0,0.025,0.01,0.03,0.02,0.025,0.02,0.045,0.051,0.02,0.01,0.005,0.01,0,0.01,0.015,0.01,0.01,0.015,0.03,0.015,0.005,0.01,0.03,0.03,0,0.01,0.01,0.005,0,0,0,0.01,0.02,0.005,0.02,0.02,0.01,0.005,0.005,0.01,0,0.02,0.02,0.03,0.005,0.01,0.005,0.015,0.01,0
YAL030W,SNC1,0.568,467,102,252,113,51,63,-0.124,-0.041,-0.135,-7.2,-2.4,40.661,85.285,61.514,0.319,0.363,0.142,0.177,0.062,0.152,0.036,0.071,0.107,0.134,0.071,0.054,0.062,0.027,0.009,0.036,0.089,0.054,0.018,0.018,0.018,0.027,0.018,0,0.045,0.045,0.036,0.027,0.018,0.009,0.009,0,0.045,0.009,0,0.018,0.009,0.045,0.009,0.045,0.036,0.045,0.027,0.027,0.018,0.009,0,0.036,0.027,0.027,0,0,0.018,0.018,0.009,0.018,0.009,0.009,0.009,0,0.009,0,0,0,0.009,0.018,0.009,0,0.018,0.063,0,0.009,0.018,0.036,0,0,0.009,0.009,0,0,0.009,0,0.009,0
YML085C,TUB1,0.414,1460,25,1319,116,75,42,-0.109,-0.112,-0.019,-2.3,-6.5,89.395,86.623,52.861,0.181,0.5,0.138,0.181,0.043,0.052,0.026,0.061,0.07,0.322,0.052,0.061,0.035,0.043,0.017,0.035,0.035,0.087,0.035,0.026,0.018,0.009,0,0.018,0,0.026,0.009,0.018,0.009,0.009,0,0.009,0.009,0.035,0.009,0.009,0.009,0.009,0.026,0.026,0.044,0.211,0.035,0.035,0.009,0.018,0,0.018,0.018,0.035,0.009,0,0,0.018,0,0.018,0.009,0.035,0,0,0.009,0.009,0,0,0.009,0.009,0.009,0.009,0.018,0.018,0,0,0.018,0.053,0.009,0.009,0,0.009,0.018,0.009,0,0.009,0.009,0.009
YDR092W,UBC13,0.51,730,30,432,268,113,156,-0.245,-0.213,-0.265,-6.1,-8.6,84.959,52.316,48.1,0.306,0.284,0.187,0.224,0.112,0.064,0.052,0.079,0.056,0.101,0.056,0.071,0.064,0.052,0.03,0.037,0.075,0.067,0.045,0.037,0.041,0.008,0.03,0.034,0.03,0.008,0.008,0.019,0.019,0.019,0.011,0.004,0.026,0.019,0.023,0.011,0.011,0.023,0.008,0.015,0.008,0.045,0.019,0.03,0.015,0.023,0,0.015,0.03,0.019,0.011,0.011,0.019,0.015,0.011,0.019,0.011,0.019,0.011,0.011,0.011,0.011,0.008,0,0.019,0.004,0.004,0.011,0.041,0.019,0.004,0.011,0.008,0.03,0.019,0.011,0.015,0,0.011,0.019,0,0.026,0.008,0.004
YBR082C,UBC4,0.526,542,47,400,95,70,26,-0.113,-0.137,0.004,-2.3,-3.3,83.135,100,35.095,0.305,0.389,0.137,0.168,0.138,0.106,0.011,0.053,0.085,0.17,0.053,0.085,0.021,0.074,0.011,0.021,0.064,0.043,0.053,0.011,0.065,0.032,0.011,0.032,0,0.054,0.011,0.043,0,0.011,0,0,0.022,0.022,0,0.011,0.022,0.054,0,0.011,0.022,0.097,0.022,0.032,0.011,0.011,0,0.022,0.032,0.022,0.032,0,0.011,0.011,0,0,0.054,0.011,0.011,0,0,0.011,0,0,0.011,0,0.011,0,0.043,0.011,0,0.011,0.011,0.011,0.011,0.011,0,0.043,0.011,0,0,0,0.011,0
YDL064W,UBC9,0.06,584,38,436,110,72,39,-0.18,-0.167,-0.046,-5.1,-0.9,65.778,93.474,62.011,0.3,0.364,0.145,0.191,0.083,0.119,0.028,0.073,0.083,0.147,0.064,0.073,0.055,0.046,0.018,0.018,0.083,0.055,0.028,0.028,0.009,0.037,0.019,0.019,0.028,0.037,0.046,0.009,0,0.019,0,0.009,0.046,0.009,0.009,0.009,0.028,0.019,0.009,0.028,0.019,0.065,0.019,0.046,0.028,0.019,0.009,0,0.037,0.009,0.009,0.019,0.009,0.028,0,0.019,0.019,0.019,0,0.009,0.009,0,0,0.009,0,0.009,0.009,0,0.037,0.037,0,0.009,0.019,0.028,0,0.009,0.009,0.009,0.009,0,0,0.028,0,0
YHR012W,VPS29,0.666,968,48,801,119,89,31,-0.157,-0.174,-0.074,-2.4,-3.6,72.501,87.715,36.293,0.269,0.353,0.16,0.218,0.076,0.11,0.025,0.059,0.085,0.119,0.059,0.093,0.034,0.068,0.025,0.025,0.076,0.059,0.042,0.042,0,0.043,0.009,0.026,0.034,0.034,0.026,0.017,0,0.009,0.009,0.009,0.026,0.009,0.009,0.017,0.017,0.034,0.009,0.026,0.043,0.017,0.017,0.043,0.017,0.026,0.009,0,0.026,0.034,0.009,0.026,0.009,0.026,0,0,0.009,0.026,0.017,0.017,0,0.017,0,0.009,0.017,0,0.009,0,0.051,0.009,0.009,0.009,0,0.043,0,0.017,0.009,0.017,0.009,0.009,0.009,0.017,0.017,0
YPR028W,YOP1,0.201,676,51,492,133,88,46,-0.176,-0.176,-0.022,-7,-4.4,71.997,93.474,80.847,0.301,0.308,0.158,0.233,0.091,0.076,0.038,0.098,0.076,0.129,0.061,0.045,0.053,0.045,0.023,0.03,0.083,0.061,0.03,0.061,0.023,0.031,0.015,0.023,0.008,0.015,0.023,0.031,0.015,0.008,0,0.015,0.046,0.031,0.008,0.015,0.015,0.023,0.008,0.031,0.023,0.069,0.031,0.008,0.008,0.008,0.023,0.015,0.008,0.008,0.015,0.015,0.031,0,0,0.023,0.031,0.015,0,0,0,0.023,0,0,0.008,0.008,0,0.015,0.023,0.023,0.015,0.023,0.015,0.031,0.008,0.008,0.023,0.008,0,0,0.023,0.015,0.008,0.015
